,birthdate,good_bad_flag,age,flag
41,1988-04-28,Bad,34.6,1.0
42,1988-04-28,Bad,34.6,1.0
162,1984-12-22,Bad,38.0,1.0
163,1984-12-22,Bad,38.0,1.0
164,1984-12-22,Bad,38.0,1.0
185,1991-03-03,Bad,31.8,1.0
186,1991-03-03,Bad,31.8,1.0
187,1979-09-05,Bad,43.3,1.0
188,1982-07-17,Bad,40.4,1.0
189,1982-07-17,Bad,40.4,1.0
190,1982-07-17,Bad,40.4,1.0
191,1981-05-25,Bad,41.5,1.0
192,1981-05-25,Bad,41.5,1.0
193,1981-05-25,Bad,41.5,1.0
194,1981-05-25,Bad,41.5,1.0
195,1981-05-25,Bad,41.5,1.0
196,1981-05-25,Bad,41.5,1.0
197,1981-05-25,Bad,41.5,1.0
198,1981-05-25,Bad,41.5,1.0
199,1981-05-25,Bad,41.5,1.0
200,1981-05-25,Bad,41.5,1.0
201,1990-07-11,Bad,32.4,1.0
202,1990-07-11,Bad,32.4,1.0
203,1990-07-11,Bad,32.4,1.0
249,1987-12-03,Bad,35.0,1.0
250,1987-12-03,Bad,35.0,1.0
278,1990-11-27,Bad,32.0,1.0
279,1990-11-27,Bad,32.0,1.0
280,1990-11-27,Bad,32.0,1.0
352,1986-01-01,Bad,36.9,1.0
353,1986-01-01,Bad,36.9,1.0
394,1992-06-16,Bad,30.5,1.0
395,1987-05-03,Bad,35.6,1.0
396,1987-05-03,Bad,35.6,1.0
397,1987-05-03,Bad,35.6,1.0
398,1987-05-03,Bad,35.6,1.0
399,1987-05-03,Bad,35.6,1.0
400,1987-05-03,Bad,35.6,1.0
401,1984-04-14,Bad,38.7,1.0
402,1984-04-14,Bad,38.7,1.0
403,1984-04-14,Bad,38.7,1.0
404,1984-04-14,Bad,38.7,1.0
430,1983-08-08,Bad,39.3,1.0
431,1983-08-08,Bad,39.3,1.0
432,1983-08-08,Bad,39.3,1.0
433,1983-08-08,Bad,39.3,1.0
434,1983-08-08,Bad,39.3,1.0
473,1981-03-30,Bad,41.7,1.0
474,1981-03-30,Bad,41.7,1.0
475,1981-03-30,Bad,41.7,1.0
476,1981-03-30,Bad,41.7,1.0
477,1981-03-30,Bad,41.7,1.0
478,1981-03-30,Bad,41.7,1.0
479,1981-03-30,Bad,41.7,1.0
480,1981-03-30,Bad,41.7,1.0
481,1981-03-30,Bad,41.7,1.0
490,1994-10-18,Bad,28.1,1.0
493,1988-09-16,Bad,34.2,1.0
494,1988-09-16,Bad,34.2,1.0
495,1988-07-16,Bad,34.4,1.0
496,1988-07-16,Bad,34.4,1.0
497,1988-07-16,Bad,34.4,1.0
498,1966-02-14,Bad,56.8,1.0
499,1966-02-14,Bad,56.8,1.0
500,1966-02-14,Bad,56.8,1.0
529,1993-12-13,Bad,29.0,1.0
530,1993-12-13,Bad,29.0,1.0
531,1993-12-13,Bad,29.0,1.0
543,1979-09-24,Bad,43.2,1.0
544,1979-09-24,Bad,43.2,1.0
545,1979-09-24,Bad,43.2,1.0
546,1979-09-24,Bad,43.2,1.0
547,1979-09-24,Bad,43.2,1.0
548,1979-09-24,Bad,43.2,1.0
549,1979-09-24,Bad,43.2,1.0
550,1979-09-24,Bad,43.2,1.0
551,1979-09-24,Bad,43.2,1.0
552,1979-09-24,Bad,43.2,1.0
553,1979-09-24,Bad,43.2,1.0
609,1982-08-31,Bad,40.3,1.0
610,1982-08-31,Bad,40.3,1.0
611,1982-08-31,Bad,40.3,1.0
612,1982-08-31,Bad,40.3,1.0
613,1982-08-31,Bad,40.3,1.0
614,1982-08-31,Bad,40.3,1.0
615,1982-08-31,Bad,40.3,1.0
616,1982-08-31,Bad,40.3,1.0
617,1982-08-31,Bad,40.3,1.0
618,1982-08-31,Bad,40.3,1.0
619,1982-08-31,Bad,40.3,1.0
666,1980-09-08,Bad,42.3,1.0
667,1976-02-28,Bad,46.8,1.0
668,1976-02-28,Bad,46.8,1.0
669,1976-02-28,Bad,46.8,1.0
670,1976-02-28,Bad,46.8,1.0
671,1976-02-28,Bad,46.8,1.0
672,1976-02-28,Bad,46.8,1.0
673,1976-02-28,Bad,46.8,1.0
674,1976-02-28,Bad,46.8,1.0
675,1976-02-28,Bad,46.8,1.0
685,1990-10-12,Bad,32.2,1.0
686,1990-10-12,Bad,32.2,1.0
687,1990-10-12,Bad,32.2,1.0
688,1990-10-12,Bad,32.2,1.0
689,1990-10-12,Bad,32.2,1.0
690,1990-10-12,Bad,32.2,1.0
691,1990-10-12,Bad,32.2,1.0
692,1990-10-12,Bad,32.2,1.0
704,1983-01-13,Bad,39.9,1.0
705,1983-01-13,Bad,39.9,1.0
706,1983-01-13,Bad,39.9,1.0
707,1983-01-13,Bad,39.9,1.0
724,1979-10-07,Bad,43.2,1.0
725,1979-10-07,Bad,43.2,1.0
726,1979-10-07,Bad,43.2,1.0
727,1979-10-07,Bad,43.2,1.0
728,1979-10-07,Bad,43.2,1.0
729,1979-10-07,Bad,43.2,1.0
730,1979-10-07,Bad,43.2,1.0
752,1980-12-22,Bad,42.0,1.0
876,1979-07-09,Bad,43.4,1.0
877,1979-07-09,Bad,43.4,1.0
878,1979-07-09,Bad,43.4,1.0
879,1979-07-09,Bad,43.4,1.0
880,1979-07-09,Bad,43.4,1.0
881,1979-07-09,Bad,43.4,1.0
882,1979-07-09,Bad,43.4,1.0
883,1979-07-09,Bad,43.4,1.0
909,1979-04-19,Bad,43.6,1.0
910,1979-04-19,Bad,43.6,1.0
911,1979-04-19,Bad,43.6,1.0
912,1979-04-19,Bad,43.6,1.0
935,1974-04-04,Bad,48.7,1.0
936,1974-04-04,Bad,48.7,1.0
937,1974-04-04,Bad,48.7,1.0
938,1990-12-17,Bad,32.0,1.0
939,1990-12-17,Bad,32.0,1.0
981,1991-12-17,Bad,31.0,1.0
982,1991-12-17,Bad,31.0,1.0
983,1991-12-17,Bad,31.0,1.0
984,1991-12-17,Bad,31.0,1.0
997,1982-07-04,Bad,40.4,1.0
998,1982-07-04,Bad,40.4,1.0
1049,1977-04-30,Bad,45.6,1.0
1050,1977-04-30,Bad,45.6,1.0
1051,1977-04-30,Bad,45.6,1.0
1052,1977-04-30,Bad,45.6,1.0
1053,1977-04-30,Bad,45.6,1.0
1054,1977-04-30,Bad,45.6,1.0
1055,1977-04-30,Bad,45.6,1.0
1078,1990-10-16,Bad,32.2,1.0
1079,1990-10-16,Bad,32.2,1.0
1080,1990-10-16,Bad,32.2,1.0
1081,1990-10-16,Bad,32.2,1.0
1082,1990-10-16,Bad,32.2,1.0
1083,1977-03-25,Bad,45.7,1.0
1084,1977-03-25,Bad,45.7,1.0
1085,1977-03-25,Bad,45.7,1.0
1086,1977-03-25,Bad,45.7,1.0
1087,1977-03-25,Bad,45.7,1.0
1088,1977-03-25,Bad,45.7,1.0
1089,1977-03-25,Bad,45.7,1.0
1090,1977-03-25,Bad,45.7,1.0
1091,1977-03-25,Bad,45.7,1.0
1092,1977-03-25,Bad,45.7,1.0
1093,1977-03-25,Bad,45.7,1.0
1094,1977-03-25,Bad,45.7,1.0
1095,1977-03-25,Bad,45.7,1.0
1096,1979-02-28,Bad,43.8,1.0
1097,1979-02-28,Bad,43.8,1.0
1098,1979-02-28,Bad,43.8,1.0
1099,1986-07-20,Bad,36.4,1.0
1100,1986-07-20,Bad,36.4,1.0
1101,1992-01-05,Bad,30.9,1.0
1102,1983-04-20,Bad,39.6,1.0
1103,1983-04-20,Bad,39.6,1.0
1104,1983-04-20,Bad,39.6,1.0
1105,1983-04-20,Bad,39.6,1.0
1106,1983-04-20,Bad,39.6,1.0
1107,1983-04-20,Bad,39.6,1.0
1108,1983-04-20,Bad,39.6,1.0
1109,1983-04-20,Bad,39.6,1.0
1110,1983-04-20,Bad,39.6,1.0
1111,1983-04-20,Bad,39.6,1.0
1183,1992-02-02,Bad,30.9,1.0
1184,1992-02-02,Bad,30.9,1.0
1185,1992-02-02,Bad,30.9,1.0
1269,1983-02-11,Bad,39.8,1.0
1270,1983-02-11,Bad,39.8,1.0
1271,1983-02-11,Bad,39.8,1.0
1272,1983-02-11,Bad,39.8,1.0
1273,1983-02-11,Bad,39.8,1.0
1274,1983-02-11,Bad,39.8,1.0
1275,1983-02-11,Bad,39.8,1.0
1276,1983-02-11,Bad,39.8,1.0
1277,1983-02-11,Bad,39.8,1.0
1278,1983-02-11,Bad,39.8,1.0
1279,1983-02-11,Bad,39.8,1.0
1280,1981-05-03,Bad,41.6,1.0
1281,1981-05-03,Bad,41.6,1.0
1282,1981-05-03,Bad,41.6,1.0
1283,1988-07-20,Bad,34.4,1.0
1284,1980-09-09,Bad,42.3,1.0
1285,1980-09-09,Bad,42.3,1.0
1286,1980-09-09,Bad,42.3,1.0
1287,1980-09-09,Bad,42.3,1.0
1288,1980-09-09,Bad,42.3,1.0
1289,1980-09-09,Bad,42.3,1.0
1290,1980-09-09,Bad,42.3,1.0
1291,1980-09-09,Bad,42.3,1.0
1292,1980-09-09,Bad,42.3,1.0
1293,1985-10-24,Bad,37.1,1.0
1294,1985-10-24,Bad,37.1,1.0
1295,1985-10-24,Bad,37.1,1.0
1296,1985-10-24,Bad,37.1,1.0
1297,1985-10-24,Bad,37.1,1.0
1298,1985-10-24,Bad,37.1,1.0
1299,1985-10-24,Bad,37.1,1.0
1300,1985-10-24,Bad,37.1,1.0
1301,1985-10-24,Bad,37.1,1.0
1302,1985-10-24,Bad,37.1,1.0
1329,1984-03-23,Bad,38.7,1.0
1330,1984-03-23,Bad,38.7,1.0
1331,1984-03-23,Bad,38.7,1.0
1332,1984-03-23,Bad,38.7,1.0
1333,1984-03-23,Bad,38.7,1.0
1334,1984-03-23,Bad,38.7,1.0
1335,1984-03-23,Bad,38.7,1.0
1336,1984-03-23,Bad,38.7,1.0
1337,1984-03-23,Bad,38.7,1.0
1351,1986-07-28,Bad,36.4,1.0
1352,1986-07-28,Bad,36.4,1.0
1353,1986-07-28,Bad,36.4,1.0
1374,1978-02-20,Bad,44.8,1.0
1375,1978-02-20,Bad,44.8,1.0
1376,1978-02-20,Bad,44.8,1.0
1377,1978-02-20,Bad,44.8,1.0
1386,1984-11-24,Bad,38.0,1.0
1387,1978-01-14,Bad,44.9,1.0
1388,1978-01-14,Bad,44.9,1.0
1389,1978-01-14,Bad,44.9,1.0
1390,1978-01-14,Bad,44.9,1.0
1391,1987-04-03,Bad,35.7,1.0
1392,1987-04-03,Bad,35.7,1.0
1432,1987-10-20,Bad,35.1,1.0
1433,1987-10-20,Bad,35.1,1.0
1456,1972-11-28,Bad,50.0,1.0
1457,1972-11-28,Bad,50.0,1.0
1458,1972-11-28,Bad,50.0,1.0
1459,1972-11-28,Bad,50.0,1.0
1460,1972-11-28,Bad,50.0,1.0
1461,1972-11-28,Bad,50.0,1.0
1475,1986-09-18,Bad,36.2,1.0
1476,1986-09-18,Bad,36.2,1.0
1477,1987-04-06,Bad,35.7,1.0
1478,1987-04-06,Bad,35.7,1.0
1479,1987-04-06,Bad,35.7,1.0
1480,1981-04-14,Bad,41.7,1.0
1481,1981-04-14,Bad,41.7,1.0
1482,1981-04-14,Bad,41.7,1.0
1523,1982-09-20,Bad,40.2,1.0
1579,1975-02-13,Bad,47.8,1.0
1580,1975-02-13,Bad,47.8,1.0
1581,1975-02-13,Bad,47.8,1.0
1622,1984-10-25,Bad,38.1,1.0
1623,1984-10-25,Bad,38.1,1.0
1624,1984-10-25,Bad,38.1,1.0
1633,1987-01-10,Bad,35.9,1.0
1634,1984-03-11,Bad,38.8,1.0
1635,1984-03-11,Bad,38.8,1.0
1636,1974-02-01,Bad,48.9,1.0
1637,1974-02-01,Bad,48.9,1.0
1638,1974-02-01,Bad,48.9,1.0
1639,1974-02-01,Bad,48.9,1.0
1640,1974-02-01,Bad,48.9,1.0
1641,1985-12-18,Bad,37.0,1.0
1642,1985-12-18,Bad,37.0,1.0
1643,1985-12-18,Bad,37.0,1.0
1644,1985-12-18,Bad,37.0,1.0
1694,1983-10-19,Bad,39.1,1.0
1695,1983-10-19,Bad,39.1,1.0
1696,1983-10-19,Bad,39.1,1.0
1720,1972-12-12,Bad,50.0,1.0
1737,1982-07-07,Bad,40.4,1.0
1747,1987-06-18,Bad,35.5,1.0
1748,1987-06-18,Bad,35.5,1.0
1749,1987-06-18,Bad,35.5,1.0
1750,1987-06-18,Bad,35.5,1.0
1751,1987-06-18,Bad,35.5,1.0
1752,1987-06-18,Bad,35.5,1.0
1800,1973-03-10,Bad,49.8,1.0
1801,1973-03-10,Bad,49.8,1.0
1802,1973-03-10,Bad,49.8,1.0
1812,1988-11-22,Bad,34.1,1.0
1816,1964-06-10,Bad,58.5,1.0
1817,1964-06-10,Bad,58.5,1.0
1818,1964-06-10,Bad,58.5,1.0
1819,1964-06-10,Bad,58.5,1.0
1820,1964-06-10,Bad,58.5,1.0
1821,1964-06-10,Bad,58.5,1.0
1822,1994-08-13,Bad,28.3,1.0
1823,1994-08-13,Bad,28.3,1.0
1824,1994-08-13,Bad,28.3,1.0
1825,1994-08-13,Bad,28.3,1.0
1826,1994-08-13,Bad,28.3,1.0
1827,1994-08-13,Bad,28.3,1.0
1828,1994-08-13,Bad,28.3,1.0
1845,1975-11-05,Bad,47.1,1.0
1950,1983-12-03,Bad,39.0,1.0
1951,1983-12-03,Bad,39.0,1.0
1952,1983-12-03,Bad,39.0,1.0
1985,1980-06-29,Bad,42.5,1.0
2059,1984-02-20,Bad,38.8,1.0
2060,1984-02-20,Bad,38.8,1.0
2061,1984-02-20,Bad,38.8,1.0
2062,1984-02-20,Bad,38.8,1.0
2063,1984-02-20,Bad,38.8,1.0
2065,1992-07-21,Bad,30.4,1.0
2066,1992-07-21,Bad,30.4,1.0
2067,1992-07-21,Bad,30.4,1.0
2068,1992-07-21,Bad,30.4,1.0
2069,1992-07-21,Bad,30.4,1.0
2070,1976-02-23,Bad,46.8,1.0
2222,1986-04-11,Bad,36.7,1.0
2223,1986-04-11,Bad,36.7,1.0
2224,1986-04-11,Bad,36.7,1.0
2225,1986-04-11,Bad,36.7,1.0
2226,1986-04-11,Bad,36.7,1.0
2227,1986-04-11,Bad,36.7,1.0
2228,1986-04-11,Bad,36.7,1.0
2229,1986-04-11,Bad,36.7,1.0
2230,1986-04-11,Bad,36.7,1.0
2241,1979-04-23,Bad,43.6,1.0
2242,1979-04-23,Bad,43.6,1.0
2243,1979-04-23,Bad,43.6,1.0
2244,1979-04-23,Bad,43.6,1.0
2245,1979-04-23,Bad,43.6,1.0
2246,1979-04-23,Bad,43.6,1.0
2247,1979-04-23,Bad,43.6,1.0
2248,1979-04-23,Bad,43.6,1.0
2249,1971-09-23,Bad,51.2,1.0
2250,1971-09-23,Bad,51.2,1.0
2251,1971-09-23,Bad,51.2,1.0
2252,1971-09-23,Bad,51.2,1.0
2253,1971-09-23,Bad,51.2,1.0
2254,1971-09-23,Bad,51.2,1.0
2255,1971-09-23,Bad,51.2,1.0
2256,1971-09-23,Bad,51.2,1.0
2257,1995-02-21,Bad,27.8,1.0
2258,1995-02-21,Bad,27.8,1.0
2259,1995-02-21,Bad,27.8,1.0
2260,1995-02-21,Bad,27.8,1.0
2261,1995-02-21,Bad,27.8,1.0
2262,1995-02-21,Bad,27.8,1.0
2263,1995-02-21,Bad,27.8,1.0
2317,1981-05-13,Bad,41.6,1.0
2318,1981-05-13,Bad,41.6,1.0
2319,1981-05-13,Bad,41.6,1.0
2320,1981-05-13,Bad,41.6,1.0
2349,1982-06-25,Bad,40.5,1.0
2361,1979-11-23,Bad,43.1,1.0
2362,1979-11-23,Bad,43.1,1.0
2409,1986-02-23,Bad,36.8,1.0
2410,1986-02-23,Bad,36.8,1.0
2411,1986-02-23,Bad,36.8,1.0
2412,1986-02-23,Bad,36.8,1.0
2413,1986-02-23,Bad,36.8,1.0
2414,1986-02-23,Bad,36.8,1.0
2415,1986-02-23,Bad,36.8,1.0
2416,1986-02-23,Bad,36.8,1.0
2417,1986-02-23,Bad,36.8,1.0
2418,1988-06-27,Bad,34.5,1.0
2419,1988-06-27,Bad,34.5,1.0
2420,1988-10-18,Bad,34.1,1.0
2421,1988-10-18,Bad,34.1,1.0
2422,1988-10-18,Bad,34.1,1.0
2423,1988-10-18,Bad,34.1,1.0
2424,1988-10-18,Bad,34.1,1.0
2425,1981-06-17,Bad,41.5,1.0
2426,1981-06-17,Bad,41.5,1.0
2427,1981-06-17,Bad,41.5,1.0
2428,1990-03-03,Bad,32.8,1.0
2429,1990-03-03,Bad,32.8,1.0
2430,1990-03-03,Bad,32.8,1.0
2435,1980-07-16,Bad,42.4,1.0
2445,1990-08-27,Bad,32.3,1.0
2448,1988-12-23,Bad,34.0,1.0
2449,1988-12-23,Bad,34.0,1.0
2450,1988-12-23,Bad,34.0,1.0
2451,1988-12-23,Bad,34.0,1.0
2452,1988-12-23,Bad,34.0,1.0
2465,1990-11-19,Bad,32.1,1.0
2466,1990-11-19,Bad,32.1,1.0
2467,1990-11-19,Bad,32.1,1.0
2468,1990-11-19,Bad,32.1,1.0
2469,1990-11-19,Bad,32.1,1.0
2470,1990-11-19,Bad,32.1,1.0
2471,1990-11-19,Bad,32.1,1.0
2507,1992-01-02,Bad,30.9,1.0
2508,1992-01-02,Bad,30.9,1.0
2509,1992-01-02,Bad,30.9,1.0
2510,1992-01-02,Bad,30.9,1.0
2511,1992-01-02,Bad,30.9,1.0
2512,1992-01-02,Bad,30.9,1.0
2513,1992-01-02,Bad,30.9,1.0
2514,1992-01-02,Bad,30.9,1.0
2548,1993-11-18,Bad,29.1,1.0
2549,1993-11-18,Bad,29.1,1.0
2550,1993-11-18,Bad,29.1,1.0
2551,1984-12-06,Bad,38.0,1.0
2552,1984-12-06,Bad,38.0,1.0
2553,1984-12-06,Bad,38.0,1.0
2554,1984-12-06,Bad,38.0,1.0
2555,1993-10-26,Bad,29.1,1.0
2556,1993-10-26,Bad,29.1,1.0
2557,1986-07-09,Bad,36.4,1.0
2558,1986-07-09,Bad,36.4,1.0
2559,1986-07-09,Bad,36.4,1.0
2560,1986-07-09,Bad,36.4,1.0
2561,1986-07-09,Bad,36.4,1.0
2562,1986-07-09,Bad,36.4,1.0
2563,1986-07-09,Bad,36.4,1.0
2564,1986-07-09,Bad,36.4,1.0
2565,1986-07-09,Bad,36.4,1.0
2566,1986-07-09,Bad,36.4,1.0
2567,1986-07-09,Bad,36.4,1.0
2568,1986-07-09,Bad,36.4,1.0
2569,1986-07-09,Bad,36.4,1.0
2593,1982-10-19,Bad,40.1,1.0
2629,1989-04-15,Bad,33.7,1.0
2630,1989-04-15,Bad,33.7,1.0
2657,1985-12-12,Bad,37.0,1.0
2658,1985-12-12,Bad,37.0,1.0
2659,1985-12-12,Bad,37.0,1.0
2660,1985-12-12,Bad,37.0,1.0
2661,1985-12-12,Bad,37.0,1.0
2670,1982-08-13,Bad,40.3,1.0
2722,1973-04-26,Bad,49.6,1.0
2723,1973-04-26,Bad,49.6,1.0
2724,1995-06-13,Bad,27.5,1.0
2725,1995-06-13,Bad,27.5,1.0
2726,1995-06-13,Bad,27.5,1.0
2727,1995-06-13,Bad,27.5,1.0
2728,1978-08-16,Bad,44.3,1.0
2758,1986-02-14,Bad,36.8,1.0
2759,1986-02-14,Bad,36.8,1.0
2760,1986-02-14,Bad,36.8,1.0
2761,1986-02-14,Bad,36.8,1.0
2762,1986-02-14,Bad,36.8,1.0
2763,1986-02-14,Bad,36.8,1.0
2764,1986-02-14,Bad,36.8,1.0
2765,1986-02-14,Bad,36.8,1.0
2766,1986-02-14,Bad,36.8,1.0
2936,1989-02-03,Bad,33.9,1.0
2937,1989-02-03,Bad,33.9,1.0
2938,1989-02-03,Bad,33.9,1.0
2939,1989-02-03,Bad,33.9,1.0
2940,1989-02-03,Bad,33.9,1.0
2941,1989-02-03,Bad,33.9,1.0
2942,1990-09-10,Bad,32.3,1.0
2943,1990-09-10,Bad,32.3,1.0
2944,1990-09-10,Bad,32.3,1.0
2945,1990-09-10,Bad,32.3,1.0
2946,1990-09-10,Bad,32.3,1.0
2947,1990-09-10,Bad,32.3,1.0
2957,1990-03-19,Bad,32.7,1.0
2958,1990-03-19,Bad,32.7,1.0
3006,1981-10-06,Bad,41.2,1.0
3007,1981-10-06,Bad,41.2,1.0
3019,1990-01-11,Bad,32.9,1.0
3020,1990-01-11,Bad,32.9,1.0
3021,1990-01-11,Bad,32.9,1.0
3022,1990-01-11,Bad,32.9,1.0
3023,1990-01-11,Bad,32.9,1.0
3024,1990-01-11,Bad,32.9,1.0
3025,1990-01-11,Bad,32.9,1.0
3029,1989-06-08,Bad,33.5,1.0
3030,1981-02-21,Bad,41.8,1.0
3031,1981-02-21,Bad,41.8,1.0
3032,1981-02-21,Bad,41.8,1.0
3033,1981-02-21,Bad,41.8,1.0
3034,1981-02-21,Bad,41.8,1.0
3035,1981-02-21,Bad,41.8,1.0
3036,1981-02-21,Bad,41.8,1.0
3037,1981-02-21,Bad,41.8,1.0
3038,1981-02-21,Bad,41.8,1.0
3039,1981-02-21,Bad,41.8,1.0
3040,1981-02-21,Bad,41.8,1.0
3080,1986-10-29,Bad,36.1,1.0
3081,1986-10-29,Bad,36.1,1.0
3082,1986-10-29,Bad,36.1,1.0
3083,1986-10-29,Bad,36.1,1.0
3084,1987-02-02,Bad,35.9,1.0
3085,1987-02-02,Bad,35.9,1.0
3086,1978-09-15,Bad,44.2,1.0
3087,1978-09-15,Bad,44.2,1.0
3126,1991-12-20,Bad,31.0,1.0
3128,1975-01-23,Bad,47.9,1.0
3130,1988-02-14,Bad,34.8,1.0
3131,1983-01-13,Bad,39.9,1.0
3187,1991-04-25,Bad,31.6,1.0
3188,1991-04-25,Bad,31.6,1.0
3197,1975-07-09,Bad,47.4,1.0
3198,1975-07-09,Bad,47.4,1.0
3226,1984-09-01,Bad,38.3,1.0
3227,1984-09-01,Bad,38.3,1.0
3228,1984-09-01,Bad,38.3,1.0
3229,1984-09-01,Bad,38.3,1.0
3236,1964-01-18,Bad,58.9,1.0
3287,1983-02-28,Bad,39.8,1.0
3288,1983-02-28,Bad,39.8,1.0
3289,1983-02-28,Bad,39.8,1.0
3290,1983-02-28,Bad,39.8,1.0
3291,1983-02-28,Bad,39.8,1.0
3292,1983-02-28,Bad,39.8,1.0
3293,1983-02-28,Bad,39.8,1.0
3294,1983-02-28,Bad,39.8,1.0
3295,1983-02-28,Bad,39.8,1.0
3315,1976-05-10,Bad,46.6,1.0
3316,1976-05-10,Bad,46.6,1.0
3317,1976-05-10,Bad,46.6,1.0
3318,1976-05-10,Bad,46.6,1.0
3319,1976-05-10,Bad,46.6,1.0
3393,1987-01-31,Bad,35.9,1.0
3394,1987-01-31,Bad,35.9,1.0
3395,1987-01-31,Bad,35.9,1.0
3396,1987-01-31,Bad,35.9,1.0
3397,1987-01-31,Bad,35.9,1.0
3398,1987-01-31,Bad,35.9,1.0
3399,1987-01-31,Bad,35.9,1.0
3400,1987-01-31,Bad,35.9,1.0
3401,1987-01-31,Bad,35.9,1.0
3402,1987-01-31,Bad,35.9,1.0
3403,1987-06-21,Bad,35.5,1.0
3404,1987-06-21,Bad,35.5,1.0
3405,1987-06-21,Bad,35.5,1.0
3406,1984-01-27,Bad,38.9,1.0
3432,1987-06-03,Bad,35.5,1.0
3433,1987-06-03,Bad,35.5,1.0
3434,1987-06-03,Bad,35.5,1.0
3435,1987-06-03,Bad,35.5,1.0
3436,1987-06-03,Bad,35.5,1.0
3437,1987-06-03,Bad,35.5,1.0
3438,1987-06-03,Bad,35.5,1.0
3439,1987-06-03,Bad,35.5,1.0
3440,1987-06-03,Bad,35.5,1.0
3441,1987-06-03,Bad,35.5,1.0
3442,1987-06-03,Bad,35.5,1.0
3455,1987-11-05,Bad,35.1,1.0
3456,1987-11-05,Bad,35.1,1.0
3564,1977-04-11,Bad,45.7,1.0
3565,1977-04-11,Bad,45.7,1.0
3566,1977-04-11,Bad,45.7,1.0
3567,1977-04-11,Bad,45.7,1.0
3568,1977-04-11,Bad,45.7,1.0
3569,1977-04-11,Bad,45.7,1.0
3570,1977-04-11,Bad,45.7,1.0
3571,1977-04-11,Bad,45.7,1.0
3572,1977-04-11,Bad,45.7,1.0
3573,1977-04-11,Bad,45.7,1.0
3574,1990-08-11,Bad,32.3,1.0
3575,1990-08-11,Bad,32.3,1.0
3576,1988-04-28,Bad,34.6,1.0
3577,1988-04-28,Bad,34.6,1.0
3578,1988-04-28,Bad,34.6,1.0
3579,1988-04-28,Bad,34.6,1.0
3580,1988-04-28,Bad,34.6,1.0
3675,1993-09-09,Bad,29.3,1.0
3704,1978-09-08,Bad,44.3,1.0
3705,1978-09-08,Bad,44.3,1.0
3706,1978-09-08,Bad,44.3,1.0
3725,1988-12-24,Bad,34.0,1.0
3726,1988-12-24,Bad,34.0,1.0
3727,1988-12-24,Bad,34.0,1.0
3728,1988-12-24,Bad,34.0,1.0
3729,1990-01-12,Bad,32.9,1.0
3730,1990-01-12,Bad,32.9,1.0
3731,1989-07-07,Bad,33.4,1.0
3749,1986-11-30,Bad,36.0,1.0
3750,1986-11-30,Bad,36.0,1.0
3751,1986-11-30,Bad,36.0,1.0
3752,1986-11-30,Bad,36.0,1.0
3753,1986-11-30,Bad,36.0,1.0
3754,1986-11-30,Bad,36.0,1.0
3755,1986-11-30,Bad,36.0,1.0
3756,1986-11-30,Bad,36.0,1.0
3757,1986-11-30,Bad,36.0,1.0
3780,1985-11-23,Bad,37.1,1.0
3781,1985-11-23,Bad,37.1,1.0
3782,1985-11-23,Bad,37.1,1.0
3868,1986-06-29,Bad,36.5,1.0
3869,1986-06-29,Bad,36.5,1.0
3870,1986-06-29,Bad,36.5,1.0
3871,1986-06-29,Bad,36.5,1.0
3872,1986-06-29,Bad,36.5,1.0
3873,1986-06-29,Bad,36.5,1.0
3874,1986-06-29,Bad,36.5,1.0
3875,1988-07-13,Bad,34.4,1.0
3876,1988-07-13,Bad,34.4,1.0
3877,1988-07-13,Bad,34.4,1.0
3878,1988-07-13,Bad,34.4,1.0
3904,1982-12-07,Bad,40.0,1.0
3905,1982-12-07,Bad,40.0,1.0
3906,1982-12-07,Bad,40.0,1.0
3907,1982-12-07,Bad,40.0,1.0
3908,1982-12-07,Bad,40.0,1.0
3909,1982-12-07,Bad,40.0,1.0
3910,1982-12-07,Bad,40.0,1.0
3911,1982-12-07,Bad,40.0,1.0
3912,1982-12-07,Bad,40.0,1.0
3913,1993-06-09,Bad,29.5,1.0
3914,1993-06-09,Bad,29.5,1.0
3915,1993-06-09,Bad,29.5,1.0
3916,1993-06-09,Bad,29.5,1.0
3917,1993-06-09,Bad,29.5,1.0
3918,1993-06-09,Bad,29.5,1.0
3919,1993-06-09,Bad,29.5,1.0
3920,1993-06-09,Bad,29.5,1.0
3921,1993-06-09,Bad,29.5,1.0
3922,1993-06-09,Bad,29.5,1.0
3923,1993-06-09,Bad,29.5,1.0
3924,1993-06-09,Bad,29.5,1.0
3925,1993-06-09,Bad,29.5,1.0
3926,1993-06-09,Bad,29.5,1.0
3927,1993-06-09,Bad,29.5,1.0
3928,1993-06-09,Bad,29.5,1.0
3929,1991-09-10,Bad,31.3,1.0
3930,1991-09-10,Bad,31.3,1.0
3931,1988-10-21,Bad,34.1,1.0
3932,1988-10-21,Bad,34.1,1.0
3933,1988-10-21,Bad,34.1,1.0
3934,1990-11-22,Bad,32.1,1.0
3935,1990-11-22,Bad,32.1,1.0
3936,1990-11-22,Bad,32.1,1.0
3937,1990-11-22,Bad,32.1,1.0
3938,1990-11-22,Bad,32.1,1.0
3939,1990-11-22,Bad,32.1,1.0
3940,1990-11-22,Bad,32.1,1.0
3941,1990-11-22,Bad,32.1,1.0
3942,1989-11-09,Bad,33.1,1.0
3969,1985-03-03,Bad,37.8,1.0
3977,1979-04-06,Bad,43.7,1.0
3978,1979-04-06,Bad,43.7,1.0
3979,1979-04-06,Bad,43.7,1.0
3993,1991-12-01,Bad,31.0,1.0
3994,1991-12-01,Bad,31.0,1.0
4002,1980-05-30,Bad,42.5,1.0
4003,1980-05-30,Bad,42.5,1.0
4004,1980-05-30,Bad,42.5,1.0
4005,1980-05-30,Bad,42.5,1.0
4006,1980-05-30,Bad,42.5,1.0
4007,1980-05-30,Bad,42.5,1.0
4008,1980-05-30,Bad,42.5,1.0
4009,1980-05-30,Bad,42.5,1.0
4017,1990-07-04,Bad,32.4,1.0
4018,1990-07-04,Bad,32.4,1.0
4019,1990-07-04,Bad,32.4,1.0
4020,1990-07-04,Bad,32.4,1.0
4050,1995-03-10,Bad,27.8,1.0
4051,1995-03-10,Bad,27.8,1.0
4052,1995-03-10,Bad,27.8,1.0
4053,1995-03-10,Bad,27.8,1.0
4054,1995-03-10,Bad,27.8,1.0
4055,1995-03-10,Bad,27.8,1.0
4070,1988-05-21,Bad,34.6,1.0
4071,1988-05-21,Bad,34.6,1.0
4077,1976-05-01,Bad,46.6,1.0
4078,1976-05-01,Bad,46.6,1.0
4079,1976-05-01,Bad,46.6,1.0
4119,1980-08-23,Bad,42.3,1.0
4120,1980-08-23,Bad,42.3,1.0
4121,1989-04-15,Bad,33.7,1.0
4122,1989-04-15,Bad,33.7,1.0
4123,1983-01-23,Bad,39.9,1.0
4124,1983-01-23,Bad,39.9,1.0
4166,1982-10-29,Bad,40.1,1.0
4255,1980-07-10,Bad,42.4,1.0
4264,1990-05-30,Bad,32.5,1.0
4275,1987-04-02,Bad,35.7,1.0
4276,1974-02-05,Bad,48.8,1.0
4277,1974-02-05,Bad,48.8,1.0
4294,1985-08-16,Bad,37.3,1.0
4295,1985-08-16,Bad,37.3,1.0
4296,1985-08-16,Bad,37.3,1.0
4297,1985-08-16,Bad,37.3,1.0
4298,1985-08-16,Bad,37.3,1.0
4299,1981-10-21,Bad,41.1,1.0
4300,1981-10-21,Bad,41.1,1.0
4301,1981-10-21,Bad,41.1,1.0
4302,1981-10-21,Bad,41.1,1.0
4303,1987-12-19,Bad,35.0,1.0
4304,1992-08-13,Bad,30.3,1.0
4305,1992-08-13,Bad,30.3,1.0
4306,1992-08-13,Bad,30.3,1.0
4307,1992-08-13,Bad,30.3,1.0
4308,1992-08-13,Bad,30.3,1.0
4309,1992-08-13,Bad,30.3,1.0
4310,1992-08-13,Bad,30.3,1.0
4394,1977-09-10,Bad,45.3,1.0
4395,1977-09-10,Bad,45.3,1.0
4396,1977-09-10,Bad,45.3,1.0
4397,1977-09-10,Bad,45.3,1.0
4398,1977-09-10,Bad,45.3,1.0
4399,1977-09-10,Bad,45.3,1.0
4400,1977-09-10,Bad,45.3,1.0
4428,1986-05-20,Bad,36.6,1.0
4429,1986-05-20,Bad,36.6,1.0
4430,1986-05-20,Bad,36.6,1.0
4431,1986-05-20,Bad,36.6,1.0
4432,1986-05-20,Bad,36.6,1.0
4433,1986-05-20,Bad,36.6,1.0
4434,1986-05-20,Bad,36.6,1.0
4435,1986-05-20,Bad,36.6,1.0
4436,1986-05-20,Bad,36.6,1.0
4437,1986-05-20,Bad,36.6,1.0
4438,1986-05-20,Bad,36.6,1.0
4439,1986-05-20,Bad,36.6,1.0
4440,1986-05-20,Bad,36.6,1.0
4441,1986-05-20,Bad,36.6,1.0
4442,1986-05-20,Bad,36.6,1.0
4443,1972-04-01,Bad,50.7,1.0
4444,1972-04-01,Bad,50.7,1.0
4455,1971-11-28,Bad,51.0,1.0
4456,1971-11-28,Bad,51.0,1.0
4457,1971-11-28,Bad,51.0,1.0
4465,1988-07-01,Bad,34.4,1.0
4466,1988-07-01,Bad,34.4,1.0
4467,1988-07-01,Bad,34.4,1.0
4474,1988-05-01,Bad,34.6,1.0
4475,1988-11-09,Bad,34.1,1.0
4476,1993-09-20,Bad,29.2,1.0
4477,1993-09-20,Bad,29.2,1.0
4478,1993-09-20,Bad,29.2,1.0
4479,1986-08-27,Bad,36.3,1.0
4480,1986-08-27,Bad,36.3,1.0
4481,1984-10-12,Bad,38.2,1.0
4482,1984-10-12,Bad,38.2,1.0
4486,1996-03-24,Bad,26.7,1.0
4498,1986-11-13,Bad,36.1,1.0
4499,1986-11-13,Bad,36.1,1.0
4555,1985-09-09,Bad,37.3,1.0
4556,1985-09-09,Bad,37.3,1.0
4557,1985-09-09,Bad,37.3,1.0
4558,1985-09-09,Bad,37.3,1.0
4559,1985-09-09,Bad,37.3,1.0
4560,1985-09-09,Bad,37.3,1.0
4583,1994-11-18,Bad,28.1,1.0
4584,1994-11-18,Bad,28.1,1.0
4585,1994-11-18,Bad,28.1,1.0
4586,1994-11-18,Bad,28.1,1.0
4587,1994-11-18,Bad,28.1,1.0
4588,1994-11-18,Bad,28.1,1.0
4589,1994-11-18,Bad,28.1,1.0
4590,1994-11-18,Bad,28.1,1.0
4591,1994-11-18,Bad,28.1,1.0
4592,1994-11-18,Bad,28.1,1.0
4593,1994-11-18,Bad,28.1,1.0
4594,1994-11-18,Bad,28.1,1.0
4595,1994-11-18,Bad,28.1,1.0
4596,1986-09-05,Bad,36.3,1.0
4597,1986-09-05,Bad,36.3,1.0
4598,1986-09-05,Bad,36.3,1.0
4599,1987-03-29,Bad,35.7,1.0
4600,1987-03-29,Bad,35.7,1.0
4601,1980-02-14,Bad,42.8,1.0
4602,1980-02-14,Bad,42.8,1.0
4603,1980-02-14,Bad,42.8,1.0
4604,1980-02-14,Bad,42.8,1.0
4605,1980-02-14,Bad,42.8,1.0
4641,1990-07-22,Bad,32.4,1.0
4642,1984-10-18,Bad,38.1,1.0
4647,1980-11-16,Bad,42.1,1.0
4648,1980-11-16,Bad,42.1,1.0
4649,1980-11-16,Bad,42.1,1.0
4650,1980-11-16,Bad,42.1,1.0
4651,1980-11-16,Bad,42.1,1.0
4652,1980-11-16,Bad,42.1,1.0
4653,1980-11-16,Bad,42.1,1.0
4654,1980-11-16,Bad,42.1,1.0
4655,1980-11-16,Bad,42.1,1.0
4656,1980-11-16,Bad,42.1,1.0
4657,1980-11-16,Bad,42.1,1.0
4658,1980-11-16,Bad,42.1,1.0
4659,1980-11-16,Bad,42.1,1.0
4660,1980-11-16,Bad,42.1,1.0
4701,1990-12-09,Bad,32.0,1.0
4702,1990-12-09,Bad,32.0,1.0
4703,1982-05-23,Bad,40.6,1.0
4704,1982-05-23,Bad,40.6,1.0
4705,1982-05-23,Bad,40.6,1.0
4706,1982-05-23,Bad,40.6,1.0
4707,1982-05-23,Bad,40.6,1.0
4708,1982-05-23,Bad,40.6,1.0
4709,1982-05-23,Bad,40.6,1.0
4710,1982-05-23,Bad,40.6,1.0
4711,1982-05-23,Bad,40.6,1.0
4712,1982-05-23,Bad,40.6,1.0
4713,1982-05-23,Bad,40.6,1.0
4714,1982-05-23,Bad,40.6,1.0
4715,1982-05-23,Bad,40.6,1.0
4716,1985-06-10,Bad,37.5,1.0
4717,1985-06-10,Bad,37.5,1.0
4718,1985-06-10,Bad,37.5,1.0
4719,1985-06-10,Bad,37.5,1.0
4720,1985-06-10,Bad,37.5,1.0
4721,1985-06-10,Bad,37.5,1.0
4722,1985-06-10,Bad,37.5,1.0
4723,1985-06-10,Bad,37.5,1.0
4724,1985-06-10,Bad,37.5,1.0
4725,1985-06-10,Bad,37.5,1.0
4726,1985-06-10,Bad,37.5,1.0
4727,1985-06-10,Bad,37.5,1.0
4728,1985-06-10,Bad,37.5,1.0
4729,1985-06-10,Bad,37.5,1.0
4730,1985-06-10,Bad,37.5,1.0
4731,1985-06-10,Bad,37.5,1.0
4787,1990-08-28,Bad,32.3,1.0
4788,1990-08-28,Bad,32.3,1.0
4789,1990-08-28,Bad,32.3,1.0
4805,1993-07-23,Bad,29.4,1.0
4806,1993-07-23,Bad,29.4,1.0
4807,1987-05-25,Bad,35.6,1.0
4808,1987-05-25,Bad,35.6,1.0
4809,1970-07-23,Bad,52.4,1.0
4822,1975-05-10,Bad,47.6,1.0
4823,1975-05-10,Bad,47.6,1.0
4824,1975-05-10,Bad,47.6,1.0
4859,1991-01-25,Bad,31.9,1.0
4860,1991-01-25,Bad,31.9,1.0
4861,1991-01-25,Bad,31.9,1.0
4862,1991-01-25,Bad,31.9,1.0
4863,1991-01-25,Bad,31.9,1.0
4864,1991-01-25,Bad,31.9,1.0
4865,1991-01-25,Bad,31.9,1.0
4866,1991-01-25,Bad,31.9,1.0
4867,1991-01-25,Bad,31.9,1.0
4868,1991-01-25,Bad,31.9,1.0
4869,1991-01-25,Bad,31.9,1.0
4870,1976-01-03,Bad,46.9,1.0
4871,1976-01-03,Bad,46.9,1.0
4872,1976-01-03,Bad,46.9,1.0
4873,1984-02-02,Bad,38.9,1.0
4874,1984-02-02,Bad,38.9,1.0
4875,1984-02-02,Bad,38.9,1.0
4876,1984-02-02,Bad,38.9,1.0
4877,1984-02-02,Bad,38.9,1.0
4878,1984-02-02,Bad,38.9,1.0
4879,1984-02-02,Bad,38.9,1.0
4880,1984-02-02,Bad,38.9,1.0
4881,1984-02-02,Bad,38.9,1.0
4882,1984-02-02,Bad,38.9,1.0
4883,1984-02-02,Bad,38.9,1.0
4884,1984-02-02,Bad,38.9,1.0
4885,1991-08-31,Bad,31.3,1.0
4886,1995-04-17,Bad,27.7,1.0
4887,1995-04-17,Bad,27.7,1.0
4888,1995-04-17,Bad,27.7,1.0
4889,1995-04-17,Bad,27.7,1.0
4890,1995-04-17,Bad,27.7,1.0
4891,1995-04-17,Bad,27.7,1.0
4892,1995-04-17,Bad,27.7,1.0
4893,1995-04-17,Bad,27.7,1.0
4894,1995-04-17,Bad,27.7,1.0
4895,1995-04-17,Bad,27.7,1.0
4896,1995-04-17,Bad,27.7,1.0
4897,1995-04-17,Bad,27.7,1.0
4898,1995-04-17,Bad,27.7,1.0
4906,1976-10-13,Bad,46.2,1.0
4907,1976-10-13,Bad,46.2,1.0
4908,1976-10-13,Bad,46.2,1.0
4909,1976-10-13,Bad,46.2,1.0
4910,1976-10-13,Bad,46.2,1.0
4911,1976-10-13,Bad,46.2,1.0
4912,1976-10-13,Bad,46.2,1.0
4913,1976-10-13,Bad,46.2,1.0
4914,1976-10-13,Bad,46.2,1.0
4936,1975-11-28,Bad,47.0,1.0
4937,1975-11-28,Bad,47.0,1.0
4938,1975-11-28,Bad,47.0,1.0
4939,1975-11-28,Bad,47.0,1.0
4940,1975-11-28,Bad,47.0,1.0
4941,1975-11-28,Bad,47.0,1.0
4942,1975-11-28,Bad,47.0,1.0
4943,1975-11-28,Bad,47.0,1.0
4944,1975-11-28,Bad,47.0,1.0
4967,1987-12-20,Bad,35.0,1.0
4968,1987-12-20,Bad,35.0,1.0
4969,1987-12-20,Bad,35.0,1.0
4970,1975-07-04,Bad,47.4,1.0
4971,1975-07-04,Bad,47.4,1.0
4972,1975-07-04,Bad,47.4,1.0
4973,1975-07-04,Bad,47.4,1.0
5002,1990-01-06,Bad,32.9,1.0
5005,1987-05-01,Bad,35.6,1.0
5006,1987-05-01,Bad,35.6,1.0
5013,1980-04-14,Bad,42.7,1.0
5014,1980-04-14,Bad,42.7,1.0
5016,1985-03-10,Bad,37.8,1.0
5017,1985-03-10,Bad,37.8,1.0
5025,1980-09-29,Bad,42.2,1.0
5026,1980-09-29,Bad,42.2,1.0
5027,1980-09-29,Bad,42.2,1.0
5028,1980-09-29,Bad,42.2,1.0
5029,1980-09-29,Bad,42.2,1.0
5030,1991-04-10,Bad,31.7,1.0
5031,1978-06-27,Bad,44.5,1.0
5032,1978-06-27,Bad,44.5,1.0
5033,1978-06-27,Bad,44.5,1.0
5034,1978-06-27,Bad,44.5,1.0
5035,1978-06-27,Bad,44.5,1.0
5036,1978-06-27,Bad,44.5,1.0
5037,1978-06-27,Bad,44.5,1.0
5038,1978-06-27,Bad,44.5,1.0
5039,1978-06-27,Bad,44.5,1.0
5040,1978-06-27,Bad,44.5,1.0
5041,1978-06-27,Bad,44.5,1.0
5042,1972-11-23,Bad,50.1,1.0
5043,1972-11-23,Bad,50.1,1.0
5044,1972-11-23,Bad,50.1,1.0
5140,1983-06-29,Bad,39.5,1.0
5141,1983-06-29,Bad,39.5,1.0
5155,1978-11-09,Bad,44.1,1.0
5205,1971-11-19,Bad,51.1,1.0
5206,1971-11-19,Bad,51.1,1.0
5239,1982-12-09,Bad,40.0,1.0
5240,1982-12-09,Bad,40.0,1.0
5241,1982-12-09,Bad,40.0,1.0
5242,1989-06-28,Bad,33.5,1.0
5243,1989-06-28,Bad,33.5,1.0
5244,1986-07-26,Bad,36.4,1.0
5245,1986-07-26,Bad,36.4,1.0
5246,1986-07-26,Bad,36.4,1.0
5247,1986-07-26,Bad,36.4,1.0
5248,1986-07-26,Bad,36.4,1.0
5249,1986-07-26,Bad,36.4,1.0
5250,1992-02-17,Bad,30.8,1.0
5251,1992-02-17,Bad,30.8,1.0
5252,1982-01-09,Bad,40.9,1.0
5253,1982-01-09,Bad,40.9,1.0
5254,1982-01-09,Bad,40.9,1.0
5255,1982-01-09,Bad,40.9,1.0
5256,1982-01-09,Bad,40.9,1.0
5257,1982-01-09,Bad,40.9,1.0
5258,1982-01-09,Bad,40.9,1.0
5259,1982-01-09,Bad,40.9,1.0
5315,1973-10-04,Bad,49.2,1.0
5316,1973-10-04,Bad,49.2,1.0
5317,1973-10-04,Bad,49.2,1.0
5401,1980-11-22,Bad,42.1,1.0
5410,1989-12-01,Bad,33.0,1.0
5411,1989-12-01,Bad,33.0,1.0
5412,1986-02-22,Bad,36.8,1.0
5413,1986-02-22,Bad,36.8,1.0
5414,1986-02-22,Bad,36.8,1.0
5415,1986-02-22,Bad,36.8,1.0
5416,1986-02-22,Bad,36.8,1.0
5417,1986-02-22,Bad,36.8,1.0
5418,1986-02-22,Bad,36.8,1.0
5419,1986-02-22,Bad,36.8,1.0
5420,1986-02-22,Bad,36.8,1.0
5421,1986-02-22,Bad,36.8,1.0
5422,1986-02-22,Bad,36.8,1.0
5423,1986-02-22,Bad,36.8,1.0
5476,1988-08-28,Bad,34.3,1.0
5477,1988-08-28,Bad,34.3,1.0
5478,1990-06-03,Bad,32.5,1.0
5479,1990-06-03,Bad,32.5,1.0
5480,1990-06-03,Bad,32.5,1.0
5481,1990-06-03,Bad,32.5,1.0
5482,1990-06-03,Bad,32.5,1.0
5483,1990-06-03,Bad,32.5,1.0
5484,1984-07-20,Bad,38.4,1.0
5485,1984-07-20,Bad,38.4,1.0
5486,1986-09-24,Bad,36.2,1.0
5617,1980-03-12,Bad,42.8,1.0
5622,1984-12-12,Bad,38.0,1.0
5623,1984-12-12,Bad,38.0,1.0
5627,1988-12-05,Bad,34.0,1.0
5628,1988-12-05,Bad,34.0,1.0
5677,1982-10-30,Bad,40.1,1.0
5678,1982-10-30,Bad,40.1,1.0
5679,1982-10-30,Bad,40.1,1.0
5680,1982-10-30,Bad,40.1,1.0
5681,1982-10-30,Bad,40.1,1.0
5682,1982-10-30,Bad,40.1,1.0
5731,1992-05-08,Bad,30.6,1.0
5732,1992-05-08,Bad,30.6,1.0
5733,1992-05-08,Bad,30.6,1.0
5734,1992-05-08,Bad,30.6,1.0
5735,1992-05-08,Bad,30.6,1.0
5736,1992-05-08,Bad,30.6,1.0
5782,1976-08-15,Bad,46.3,1.0
5783,1976-08-15,Bad,46.3,1.0
5784,1976-08-15,Bad,46.3,1.0
5785,1976-08-15,Bad,46.3,1.0
5786,1976-08-15,Bad,46.3,1.0
5787,1976-08-15,Bad,46.3,1.0
5801,1991-11-01,Bad,31.1,1.0
5802,1988-04-18,Bad,34.6,1.0
5894,1988-11-13,Bad,34.1,1.0
5913,1990-01-28,Bad,32.9,1.0
5914,1990-01-28,Bad,32.9,1.0
5915,1990-01-28,Bad,32.9,1.0
5989,1981-01-16,Bad,41.9,1.0
5990,1981-01-16,Bad,41.9,1.0
5991,1981-01-16,Bad,41.9,1.0
6069,1982-12-25,Bad,40.0,1.0
6070,1982-12-25,Bad,40.0,1.0
6071,1982-12-25,Bad,40.0,1.0
6072,1982-12-25,Bad,40.0,1.0
6093,1984-08-07,Bad,38.3,1.0
6094,1984-08-07,Bad,38.3,1.0
6110,1979-03-13,Bad,43.8,1.0
6111,1979-03-13,Bad,43.8,1.0
6117,1986-10-04,Bad,36.2,1.0
6143,1988-08-12,Bad,34.3,1.0
6144,1988-08-12,Bad,34.3,1.0
6145,1988-08-12,Bad,34.3,1.0
6146,1988-08-12,Bad,34.3,1.0
6147,1988-08-12,Bad,34.3,1.0
6158,1975-06-22,Bad,47.5,1.0
6159,1975-06-22,Bad,47.5,1.0
6160,1975-06-22,Bad,47.5,1.0
6161,1975-06-22,Bad,47.5,1.0
6162,1975-06-22,Bad,47.5,1.0
6163,1975-06-22,Bad,47.5,1.0
6164,1975-06-22,Bad,47.5,1.0
6165,1975-06-22,Bad,47.5,1.0
6166,1975-06-22,Bad,47.5,1.0
6167,1975-06-22,Bad,47.5,1.0
6168,1975-06-22,Bad,47.5,1.0
6169,1975-06-22,Bad,47.5,1.0
6170,1992-10-13,Bad,30.2,1.0
6171,1988-09-18,Bad,34.2,1.0
6172,1988-09-18,Bad,34.2,1.0
6173,1988-09-18,Bad,34.2,1.0
6174,1988-09-18,Bad,34.2,1.0
6175,1988-09-18,Bad,34.2,1.0
6176,1988-09-18,Bad,34.2,1.0
6177,1988-09-18,Bad,34.2,1.0
6178,1988-09-18,Bad,34.2,1.0
6179,1989-02-28,Bad,33.8,1.0
6180,1989-02-28,Bad,33.8,1.0
6181,1989-02-28,Bad,33.8,1.0
6182,1989-02-28,Bad,33.8,1.0
6183,1989-02-28,Bad,33.8,1.0
6184,1989-02-28,Bad,33.8,1.0
6185,1989-02-28,Bad,33.8,1.0
6186,1989-02-28,Bad,33.8,1.0
6208,1987-06-27,Bad,35.5,1.0
6209,1987-06-27,Bad,35.5,1.0
6210,1987-06-27,Bad,35.5,1.0
6211,1987-06-27,Bad,35.5,1.0
6212,1987-06-27,Bad,35.5,1.0
6213,1987-06-27,Bad,35.5,1.0
6214,1987-06-27,Bad,35.5,1.0
6215,1987-06-27,Bad,35.5,1.0
6216,1987-06-27,Bad,35.5,1.0
6217,1987-06-27,Bad,35.5,1.0
6251,1995-08-21,Bad,27.3,1.0
6252,1995-08-21,Bad,27.3,1.0
6253,1995-08-21,Bad,27.3,1.0
6254,1995-08-21,Bad,27.3,1.0
6265,1994-12-29,Bad,28.0,1.0
6266,1994-12-29,Bad,28.0,1.0
6267,1994-12-29,Bad,28.0,1.0
6268,1994-12-29,Bad,28.0,1.0
6269,1994-12-29,Bad,28.0,1.0
6270,1994-12-29,Bad,28.0,1.0
6271,1994-12-29,Bad,28.0,1.0
6272,1994-12-29,Bad,28.0,1.0
6273,1994-12-29,Bad,28.0,1.0
6274,1994-12-29,Bad,28.0,1.0
6275,1994-12-29,Bad,28.0,1.0
6276,1994-12-29,Bad,28.0,1.0
6277,1994-12-29,Bad,28.0,1.0
6278,1994-12-29,Bad,28.0,1.0
6279,1994-12-29,Bad,28.0,1.0
6280,1994-12-29,Bad,28.0,1.0
6281,1994-12-29,Bad,28.0,1.0
6282,1987-08-20,Bad,35.3,1.0
6283,1987-08-20,Bad,35.3,1.0
6295,1989-04-16,Bad,33.7,1.0
6296,1989-04-16,Bad,33.7,1.0
6297,1989-04-16,Bad,33.7,1.0
6307,1984-12-21,Bad,38.0,1.0
6308,1975-09-17,Bad,47.2,1.0
6309,1978-02-20,Bad,44.8,1.0
6318,1970-07-04,Bad,52.4,1.0
6319,1970-07-04,Bad,52.4,1.0
6320,1970-07-04,Bad,52.4,1.0
6321,1970-07-04,Bad,52.4,1.0
6322,1970-07-04,Bad,52.4,1.0
6323,1993-01-31,Bad,29.9,1.0
6324,1993-01-31,Bad,29.9,1.0
6325,1993-01-31,Bad,29.9,1.0
6326,1993-01-31,Bad,29.9,1.0
6327,1993-01-31,Bad,29.9,1.0
6328,1993-01-31,Bad,29.9,1.0
6329,1993-01-31,Bad,29.9,1.0
6330,1993-01-31,Bad,29.9,1.0
6331,1993-01-31,Bad,29.9,1.0
6332,1993-01-31,Bad,29.9,1.0
6333,1993-01-31,Bad,29.9,1.0
6334,1990-05-26,Bad,32.5,1.0
6335,1990-05-26,Bad,32.5,1.0
6336,1985-11-27,Bad,37.0,1.0
6337,1985-11-27,Bad,37.0,1.0
6338,1982-03-29,Bad,40.7,1.0
6339,1982-03-29,Bad,40.7,1.0
6340,1982-03-29,Bad,40.7,1.0
6341,1982-03-29,Bad,40.7,1.0
6342,1982-03-29,Bad,40.7,1.0
6343,1982-03-29,Bad,40.7,1.0
6344,1982-03-29,Bad,40.7,1.0
6345,1982-03-29,Bad,40.7,1.0
6346,1982-03-29,Bad,40.7,1.0
6347,1982-03-29,Bad,40.7,1.0
6348,1983-12-16,Bad,39.0,1.0
6349,1983-12-16,Bad,39.0,1.0
6350,1983-12-16,Bad,39.0,1.0
6361,1976-05-20,Bad,46.6,1.0
6362,1976-05-20,Bad,46.6,1.0
6363,1976-05-20,Bad,46.6,1.0
6364,1976-05-20,Bad,46.6,1.0
6365,1976-05-20,Bad,46.6,1.0
6366,1976-05-20,Bad,46.6,1.0
6367,1976-05-20,Bad,46.6,1.0
6368,1976-05-20,Bad,46.6,1.0
6369,1976-05-20,Bad,46.6,1.0
6370,1976-05-20,Bad,46.6,1.0
6371,1976-05-20,Bad,46.6,1.0
6372,1976-05-20,Bad,46.6,1.0
6373,1976-05-20,Bad,46.6,1.0
6388,1990-02-16,Bad,32.8,1.0
6389,1990-02-16,Bad,32.8,1.0
6390,1990-02-16,Bad,32.8,1.0
6391,1990-02-16,Bad,32.8,1.0
6405,1992-05-16,Bad,30.6,1.0
6406,1992-05-16,Bad,30.6,1.0
6407,1992-05-16,Bad,30.6,1.0
6504,1982-02-20,Bad,40.8,1.0
6505,1982-02-20,Bad,40.8,1.0
6506,1982-02-20,Bad,40.8,1.0
6507,1982-02-20,Bad,40.8,1.0
6508,1982-02-20,Bad,40.8,1.0
6509,1988-11-03,Bad,34.1,1.0
6510,1977-12-20,Bad,45.0,1.0
6511,1977-12-20,Bad,45.0,1.0
6512,1977-12-20,Bad,45.0,1.0
6513,1977-12-20,Bad,45.0,1.0
6514,1977-12-20,Bad,45.0,1.0
6515,1977-12-20,Bad,45.0,1.0
6516,1977-12-20,Bad,45.0,1.0
6517,1977-12-20,Bad,45.0,1.0
6518,1977-12-20,Bad,45.0,1.0
6519,1977-12-20,Bad,45.0,1.0
6520,1977-12-20,Bad,45.0,1.0
6536,1992-10-28,Bad,30.1,1.0
6537,1992-10-28,Bad,30.1,1.0
6538,1992-10-28,Bad,30.1,1.0
6556,1988-06-13,Bad,34.5,1.0
6589,1989-10-14,Bad,33.2,1.0
6592,1984-02-19,Bad,38.8,1.0
6598,1986-12-02,Bad,36.0,1.0
6663,1974-02-24,Bad,48.8,1.0
6664,1974-02-24,Bad,48.8,1.0
6665,1974-02-24,Bad,48.8,1.0
6666,1974-02-24,Bad,48.8,1.0
6673,1995-09-20,Bad,27.2,1.0
6674,1987-03-27,Bad,35.7,1.0
6675,1987-03-27,Bad,35.7,1.0
6676,1987-03-27,Bad,35.7,1.0
6677,1987-03-27,Bad,35.7,1.0
6678,1987-03-27,Bad,35.7,1.0
6679,1987-03-27,Bad,35.7,1.0
6680,1987-03-27,Bad,35.7,1.0
6681,1987-03-27,Bad,35.7,1.0
6682,1987-03-27,Bad,35.7,1.0
6683,1987-03-27,Bad,35.7,1.0
6684,1988-10-24,Bad,34.1,1.0
6685,1988-10-24,Bad,34.1,1.0
6686,1988-10-24,Bad,34.1,1.0
6687,1981-12-25,Bad,41.0,1.0
6688,1981-12-25,Bad,41.0,1.0
6689,1981-12-25,Bad,41.0,1.0
6690,1981-12-25,Bad,41.0,1.0
6691,1981-12-25,Bad,41.0,1.0
6692,1981-12-25,Bad,41.0,1.0
6693,1981-12-25,Bad,41.0,1.0
6694,1981-12-25,Bad,41.0,1.0
6695,1981-12-25,Bad,41.0,1.0
6722,1987-02-14,Bad,35.8,1.0
6723,1987-02-14,Bad,35.8,1.0
6724,1987-02-14,Bad,35.8,1.0
6797,1990-11-06,Bad,32.1,1.0
6798,1990-11-06,Bad,32.1,1.0
6799,1990-11-06,Bad,32.1,1.0
6800,1987-01-06,Bad,35.9,1.0
6832,1989-02-25,Bad,33.8,1.0
6833,1989-02-25,Bad,33.8,1.0
6834,1989-02-25,Bad,33.8,1.0
6835,1989-02-25,Bad,33.8,1.0
6836,1989-02-25,Bad,33.8,1.0
6837,1989-02-25,Bad,33.8,1.0
6838,1989-02-25,Bad,33.8,1.0
6839,1989-02-25,Bad,33.8,1.0
6840,1989-02-25,Bad,33.8,1.0
6841,1989-02-25,Bad,33.8,1.0
6842,1989-02-25,Bad,33.8,1.0
6857,1987-05-05,Bad,35.6,1.0
6858,1987-05-05,Bad,35.6,1.0
6859,1987-05-05,Bad,35.6,1.0
6860,1987-05-05,Bad,35.6,1.0
6861,1987-05-05,Bad,35.6,1.0
6862,1987-05-05,Bad,35.6,1.0
6863,1987-05-05,Bad,35.6,1.0
6864,1987-05-05,Bad,35.6,1.0
6865,1987-05-05,Bad,35.6,1.0
6866,1987-05-05,Bad,35.6,1.0
6867,1987-05-05,Bad,35.6,1.0
6868,1987-05-05,Bad,35.6,1.0
6869,1987-05-05,Bad,35.6,1.0
6870,1987-05-05,Bad,35.6,1.0
6871,1987-05-05,Bad,35.6,1.0
6872,1987-05-05,Bad,35.6,1.0
6873,1986-09-26,Bad,36.2,1.0
6874,1991-05-28,Bad,31.5,1.0
6875,1991-05-28,Bad,31.5,1.0
6876,1991-05-28,Bad,31.5,1.0
6877,1994-05-23,Bad,28.6,1.0
6878,1994-05-23,Bad,28.6,1.0
6879,1994-05-23,Bad,28.6,1.0
6880,1994-05-23,Bad,28.6,1.0
6881,1994-05-23,Bad,28.6,1.0
6882,1994-05-23,Bad,28.6,1.0
6883,1994-05-23,Bad,28.6,1.0
6884,1994-05-23,Bad,28.6,1.0
6885,1975-05-25,Bad,47.6,1.0
6886,1975-05-25,Bad,47.6,1.0
6887,1975-05-25,Bad,47.6,1.0
6888,1975-05-25,Bad,47.6,1.0
6889,1975-05-25,Bad,47.6,1.0
6890,1975-05-25,Bad,47.6,1.0
6891,1975-05-25,Bad,47.6,1.0
6892,1975-05-25,Bad,47.6,1.0
6893,1975-05-25,Bad,47.6,1.0
6894,1975-05-25,Bad,47.6,1.0
6895,1975-05-25,Bad,47.6,1.0
6896,1975-05-25,Bad,47.6,1.0
6897,1975-05-25,Bad,47.6,1.0
6932,1981-10-22,Bad,41.1,1.0
6954,1984-05-14,Bad,38.6,1.0
6955,1984-05-14,Bad,38.6,1.0
6956,1983-05-15,Bad,39.6,1.0
6957,1983-05-15,Bad,39.6,1.0
6958,1983-05-15,Bad,39.6,1.0
6963,1980-11-28,Bad,42.0,1.0
6964,1980-11-28,Bad,42.0,1.0
6965,1980-11-28,Bad,42.0,1.0
6966,1980-11-28,Bad,42.0,1.0
6967,1980-11-28,Bad,42.0,1.0
6968,1980-11-28,Bad,42.0,1.0
6969,1980-11-28,Bad,42.0,1.0
6970,1980-11-28,Bad,42.0,1.0
6971,1980-11-28,Bad,42.0,1.0
6972,1980-11-28,Bad,42.0,1.0
6973,1980-11-28,Bad,42.0,1.0
6974,1980-11-28,Bad,42.0,1.0
6975,1980-11-28,Bad,42.0,1.0
6976,1980-11-28,Bad,42.0,1.0
6977,1991-09-04,Bad,31.3,1.0
6978,1991-09-04,Bad,31.3,1.0
6979,1991-09-04,Bad,31.3,1.0
6980,1980-04-14,Bad,42.7,1.0
6981,1980-04-14,Bad,42.7,1.0
6982,1980-04-14,Bad,42.7,1.0
6983,1980-04-14,Bad,42.7,1.0
6984,1980-04-14,Bad,42.7,1.0
7017,1987-05-19,Bad,35.6,1.0
7018,1987-05-19,Bad,35.6,1.0
7019,1987-05-19,Bad,35.6,1.0
7020,1987-05-19,Bad,35.6,1.0
7021,1987-05-19,Bad,35.6,1.0
7022,1987-05-19,Bad,35.6,1.0
7023,1987-05-19,Bad,35.6,1.0
7042,1979-07-04,Bad,43.4,1.0
7043,1979-06-16,Bad,43.5,1.0
7044,1990-06-08,Bad,32.5,1.0
7046,1978-03-08,Bad,44.8,1.0
7217,1982-11-12,Bad,40.1,1.0
7222,1984-11-25,Bad,38.0,1.0
7223,1981-10-24,Bad,41.1,1.0
7231,1978-08-20,Bad,44.3,1.0
7232,1978-08-20,Bad,44.3,1.0
7233,1978-08-20,Bad,44.3,1.0
7252,1984-05-03,Bad,38.6,1.0
7253,1984-05-03,Bad,38.6,1.0
7254,1984-05-03,Bad,38.6,1.0
7255,1984-05-03,Bad,38.6,1.0
7256,1984-05-03,Bad,38.6,1.0
7257,1984-05-03,Bad,38.6,1.0
7258,1984-05-03,Bad,38.6,1.0
7259,1984-05-03,Bad,38.6,1.0
7306,1989-10-17,Bad,33.2,1.0
7307,1989-10-17,Bad,33.2,1.0
7308,1989-10-17,Bad,33.2,1.0
7309,1989-10-17,Bad,33.2,1.0
7310,1989-10-17,Bad,33.2,1.0
7330,1987-01-28,Bad,35.9,1.0
7331,1987-01-28,Bad,35.9,1.0
7332,1987-01-28,Bad,35.9,1.0
7333,1980-04-24,Bad,42.6,1.0
7334,1980-04-24,Bad,42.6,1.0
7335,1980-04-24,Bad,42.6,1.0
7336,1980-04-24,Bad,42.6,1.0
7337,1980-04-24,Bad,42.6,1.0
7338,1984-06-18,Bad,38.5,1.0
7339,1984-06-18,Bad,38.5,1.0
7340,1984-04-02,Bad,38.7,1.0
7341,1984-04-02,Bad,38.7,1.0
7342,1984-04-02,Bad,38.7,1.0
7343,1984-04-02,Bad,38.7,1.0
7344,1984-04-02,Bad,38.7,1.0
7345,1984-04-02,Bad,38.7,1.0
7346,1984-04-02,Bad,38.7,1.0
7347,1984-04-02,Bad,38.7,1.0
7348,1980-09-29,Bad,42.2,1.0
7349,1980-09-29,Bad,42.2,1.0
7350,1980-09-29,Bad,42.2,1.0
7351,1980-09-29,Bad,42.2,1.0
7352,1980-09-29,Bad,42.2,1.0
7353,1980-09-29,Bad,42.2,1.0
7354,1980-09-29,Bad,42.2,1.0
7355,1980-09-29,Bad,42.2,1.0
7404,1980-05-24,Bad,42.6,1.0
7405,1980-05-24,Bad,42.6,1.0
7442,1975-11-17,Bad,47.1,1.0
7443,1975-11-17,Bad,47.1,1.0
7444,1975-11-17,Bad,47.1,1.0
7480,1976-05-09,Bad,46.6,1.0
7481,1976-05-09,Bad,46.6,1.0
7482,1976-05-09,Bad,46.6,1.0
7483,1976-05-09,Bad,46.6,1.0
7514,1986-07-14,Bad,36.4,1.0
7515,1986-07-14,Bad,36.4,1.0
7516,1986-07-14,Bad,36.4,1.0
7517,1986-07-14,Bad,36.4,1.0
7518,1986-07-14,Bad,36.4,1.0
7519,1986-07-14,Bad,36.4,1.0
7520,1986-07-14,Bad,36.4,1.0
7521,1986-07-14,Bad,36.4,1.0
7522,1987-05-26,Bad,35.5,1.0
7523,1987-05-26,Bad,35.5,1.0
7524,1987-05-26,Bad,35.5,1.0
7525,1987-05-26,Bad,35.5,1.0
7526,1987-05-26,Bad,35.5,1.0
7527,1987-05-26,Bad,35.5,1.0
7528,1987-05-26,Bad,35.5,1.0
7529,1990-02-15,Bad,32.8,1.0
7530,1990-02-15,Bad,32.8,1.0
7531,1990-02-15,Bad,32.8,1.0
7532,1990-02-15,Bad,32.8,1.0
7533,1990-02-15,Bad,32.8,1.0
7534,1990-02-15,Bad,32.8,1.0
7535,1990-02-15,Bad,32.8,1.0
7536,1990-02-15,Bad,32.8,1.0
7537,1986-09-15,Bad,36.2,1.0
7538,1986-09-15,Bad,36.2,1.0
7539,1986-09-15,Bad,36.2,1.0
7540,1986-09-15,Bad,36.2,1.0
7541,1986-09-15,Bad,36.2,1.0
7577,1979-07-19,Bad,43.4,1.0
7578,1979-07-19,Bad,43.4,1.0
7579,1979-07-19,Bad,43.4,1.0
7580,1979-07-19,Bad,43.4,1.0
7581,1979-07-19,Bad,43.4,1.0
7590,1994-10-19,Bad,28.1,1.0
7591,1994-10-19,Bad,28.1,1.0
7592,1994-10-19,Bad,28.1,1.0
7593,1994-10-19,Bad,28.1,1.0
7594,1994-10-19,Bad,28.1,1.0
7595,1994-10-19,Bad,28.1,1.0
7596,1994-10-19,Bad,28.1,1.0
7597,1994-10-19,Bad,28.1,1.0
7598,1989-07-03,Bad,33.4,1.0
7599,1989-07-03,Bad,33.4,1.0
7600,1989-07-03,Bad,33.4,1.0
7601,1994-11-11,Bad,28.1,1.0
7602,1994-11-11,Bad,28.1,1.0
7603,1994-11-11,Bad,28.1,1.0
7604,1994-11-11,Bad,28.1,1.0
7605,1989-03-26,Bad,33.7,1.0
7606,1989-03-26,Bad,33.7,1.0
7607,1989-03-26,Bad,33.7,1.0
7608,1989-03-26,Bad,33.7,1.0
7609,1989-03-26,Bad,33.7,1.0
7610,1989-03-26,Bad,33.7,1.0
7662,1980-08-30,Bad,42.3,1.0
7663,1980-08-30,Bad,42.3,1.0
7664,1980-08-30,Bad,42.3,1.0
7665,1980-08-30,Bad,42.3,1.0
7666,1980-08-30,Bad,42.3,1.0
7674,1979-09-20,Bad,43.2,1.0
7675,1979-09-20,Bad,43.2,1.0
7676,1979-09-20,Bad,43.2,1.0
7677,1979-09-20,Bad,43.2,1.0
7678,1979-09-20,Bad,43.2,1.0
7679,1979-09-20,Bad,43.2,1.0
7680,1979-09-20,Bad,43.2,1.0
7710,1991-12-01,Bad,31.0,1.0
7733,1984-05-22,Bad,38.6,1.0
7734,1984-05-22,Bad,38.6,1.0
7735,1990-02-17,Bad,32.8,1.0
7736,1990-02-17,Bad,32.8,1.0
7778,1985-08-23,Bad,37.3,1.0
7779,1985-08-23,Bad,37.3,1.0
7780,1985-08-23,Bad,37.3,1.0
7781,1985-08-23,Bad,37.3,1.0
7782,1985-08-23,Bad,37.3,1.0
7783,1985-08-23,Bad,37.3,1.0
7784,1985-08-23,Bad,37.3,1.0
7785,1985-08-23,Bad,37.3,1.0
7869,1992-12-05,Bad,30.0,1.0
7870,1992-12-05,Bad,30.0,1.0
7873,1979-10-06,Bad,43.2,1.0
7879,1992-09-04,Bad,30.3,1.0
7885,1985-06-22,Bad,37.5,1.0
7886,1985-06-22,Bad,37.5,1.0
7900,1980-01-15,Bad,42.9,1.0
7901,1980-01-15,Bad,42.9,1.0
7902,1980-01-15,Bad,42.9,1.0
7914,1986-04-04,Bad,36.7,1.0
7915,1986-04-04,Bad,36.7,1.0
7954,1987-02-04,Bad,35.9,1.0
7955,1987-02-04,Bad,35.9,1.0
7956,1987-02-04,Bad,35.9,1.0
7957,1984-10-21,Bad,38.1,1.0
7958,1984-10-21,Bad,38.1,1.0
7959,1984-10-21,Bad,38.1,1.0
7960,1984-10-21,Bad,38.1,1.0
7961,1984-10-21,Bad,38.1,1.0
7962,1984-02-28,Bad,38.8,1.0
8039,1985-12-27,Bad,37.0,1.0
8040,1985-12-27,Bad,37.0,1.0
8041,1985-12-27,Bad,37.0,1.0
8063,1983-09-23,Bad,39.2,1.0
8064,1983-09-23,Bad,39.2,1.0
8065,1983-09-23,Bad,39.2,1.0
8066,1983-09-23,Bad,39.2,1.0
8067,1983-09-23,Bad,39.2,1.0
8068,1983-09-23,Bad,39.2,1.0
8069,1983-09-23,Bad,39.2,1.0
8070,1983-09-23,Bad,39.2,1.0
8071,1983-09-23,Bad,39.2,1.0
8072,1983-09-23,Bad,39.2,1.0
8073,1983-09-23,Bad,39.2,1.0
8094,1977-04-17,Bad,45.7,1.0
8095,1977-04-17,Bad,45.7,1.0
8096,1977-04-17,Bad,45.7,1.0
8097,1977-04-17,Bad,45.7,1.0
8098,1977-04-17,Bad,45.7,1.0
8099,1977-04-17,Bad,45.7,1.0
8100,1977-04-17,Bad,45.7,1.0
8101,1977-04-17,Bad,45.7,1.0
8102,1977-04-17,Bad,45.7,1.0
8103,1977-04-17,Bad,45.7,1.0
8104,1977-04-17,Bad,45.7,1.0
8105,1977-04-17,Bad,45.7,1.0
8106,1977-04-17,Bad,45.7,1.0
8107,1977-04-17,Bad,45.7,1.0
8108,1977-04-17,Bad,45.7,1.0
8138,1993-07-23,Bad,29.4,1.0
8139,1993-07-23,Bad,29.4,1.0
8152,1986-05-22,Bad,36.6,1.0
8153,1986-05-22,Bad,36.6,1.0
8154,1986-05-22,Bad,36.6,1.0
8155,1986-05-22,Bad,36.6,1.0
8156,1986-05-22,Bad,36.6,1.0
8157,1986-05-22,Bad,36.6,1.0
8184,1982-10-19,Bad,40.1,1.0
8185,1982-10-19,Bad,40.1,1.0
8193,1985-03-01,Bad,37.8,1.0
8240,1994-08-22,Bad,28.3,1.0
8241,1994-08-22,Bad,28.3,1.0
8242,1994-08-22,Bad,28.3,1.0
8243,1994-08-22,Bad,28.3,1.0
8244,1994-08-22,Bad,28.3,1.0
8245,1994-08-22,Bad,28.3,1.0
8290,1973-02-02,Bad,49.9,1.0
8291,1973-02-02,Bad,49.9,1.0
8292,1973-02-02,Bad,49.9,1.0
8293,1973-02-02,Bad,49.9,1.0
8294,1973-02-02,Bad,49.9,1.0
8295,1993-08-13,Bad,29.3,1.0
8296,1993-08-13,Bad,29.3,1.0
8297,1993-08-13,Bad,29.3,1.0
8298,1993-08-13,Bad,29.3,1.0
8299,1993-08-13,Bad,29.3,1.0
8300,1993-08-13,Bad,29.3,1.0
8301,1985-08-07,Bad,37.3,1.0
8302,1985-08-07,Bad,37.3,1.0
8325,1991-12-02,Bad,31.0,1.0
8326,1991-12-02,Bad,31.0,1.0
8329,1984-08-10,Bad,38.3,1.0
8330,1984-08-10,Bad,38.3,1.0
8331,1984-08-10,Bad,38.3,1.0
8332,1984-08-10,Bad,38.3,1.0
8333,1984-08-10,Bad,38.3,1.0
8334,1980-08-14,Bad,42.3,1.0
8335,1980-08-14,Bad,42.3,1.0
8336,1980-08-14,Bad,42.3,1.0
8337,1980-08-14,Bad,42.3,1.0
8338,1980-08-14,Bad,42.3,1.0
8339,1988-11-01,Bad,34.1,1.0
8340,1985-06-07,Bad,37.5,1.0
8341,1985-06-07,Bad,37.5,1.0
8342,1985-06-07,Bad,37.5,1.0
8343,1985-06-07,Bad,37.5,1.0
8344,1985-06-07,Bad,37.5,1.0
8345,1985-06-07,Bad,37.5,1.0
8346,1985-06-07,Bad,37.5,1.0
8347,1985-06-07,Bad,37.5,1.0
8348,1985-06-07,Bad,37.5,1.0
8349,1985-06-07,Bad,37.5,1.0
8350,1985-06-07,Bad,37.5,1.0
8351,1985-06-07,Bad,37.5,1.0
8352,1984-04-24,Bad,38.6,1.0
8353,1984-04-24,Bad,38.6,1.0
8354,1984-04-24,Bad,38.6,1.0
8424,1984-07-15,Bad,38.4,1.0
8425,1984-07-15,Bad,38.4,1.0
8426,1984-07-15,Bad,38.4,1.0
8427,1984-07-15,Bad,38.4,1.0
8428,1984-07-15,Bad,38.4,1.0
8429,1984-07-15,Bad,38.4,1.0
8463,1992-04-04,Bad,30.7,1.0
8468,1989-03-10,Bad,33.8,1.0
8469,1989-03-10,Bad,33.8,1.0
8470,1989-03-10,Bad,33.8,1.0
8471,1989-03-10,Bad,33.8,1.0
8472,1989-03-10,Bad,33.8,1.0
8477,1987-09-12,Bad,35.2,1.0
8478,1987-09-12,Bad,35.2,1.0
8491,1995-09-25,Bad,27.2,1.0
8492,1995-09-25,Bad,27.2,1.0
8493,1995-09-25,Bad,27.2,1.0
8494,1995-09-25,Bad,27.2,1.0
8495,1995-09-25,Bad,27.2,1.0
8496,1995-09-25,Bad,27.2,1.0
8497,1995-09-25,Bad,27.2,1.0
8498,1995-09-25,Bad,27.2,1.0
8499,1995-09-25,Bad,27.2,1.0
8550,1985-01-01,Bad,37.9,1.0
8551,1985-01-01,Bad,37.9,1.0
8552,1985-01-01,Bad,37.9,1.0
8553,1985-01-01,Bad,37.9,1.0
8554,1985-01-01,Bad,37.9,1.0
8616,1986-01-30,Bad,36.9,1.0
8617,1987-07-05,Bad,35.4,1.0
8618,1986-12-03,Bad,36.0,1.0
8619,1989-05-10,Bad,33.6,1.0
8620,1989-05-10,Bad,33.6,1.0
8621,1989-05-10,Bad,33.6,1.0
8633,1970-10-09,Bad,52.2,1.0
8634,1970-10-09,Bad,52.2,1.0
8635,1972-06-07,Bad,50.5,1.0
8636,1980-07-19,Bad,42.4,1.0
8637,1980-07-19,Bad,42.4,1.0
8638,1980-07-19,Bad,42.4,1.0
8639,1980-07-19,Bad,42.4,1.0
8640,1980-07-19,Bad,42.4,1.0
8641,1980-07-19,Bad,42.4,1.0
8642,1980-07-19,Bad,42.4,1.0
8643,1980-07-19,Bad,42.4,1.0
8644,1989-03-28,Bad,33.7,1.0
8645,1989-03-28,Bad,33.7,1.0
8646,1989-03-28,Bad,33.7,1.0
8647,1989-03-28,Bad,33.7,1.0
8648,1989-03-28,Bad,33.7,1.0
8649,1989-03-28,Bad,33.7,1.0
8742,1981-01-17,Bad,41.9,1.0
8743,1981-01-17,Bad,41.9,1.0
8744,1981-01-17,Bad,41.9,1.0
8745,1981-01-17,Bad,41.9,1.0
8746,1981-06-26,Bad,41.5,1.0
8747,1981-06-26,Bad,41.5,1.0
8748,1981-06-26,Bad,41.5,1.0
8749,1981-06-26,Bad,41.5,1.0
8750,1981-06-26,Bad,41.5,1.0
8776,1979-07-29,Bad,43.4,1.0
8777,1979-07-29,Bad,43.4,1.0
8788,1992-07-31,Bad,30.4,1.0
8789,1989-08-12,Bad,33.3,1.0
8790,1989-08-12,Bad,33.3,1.0
8793,1979-12-08,Bad,43.0,1.0
8805,1989-06-28,Bad,33.5,1.0
8806,1989-06-28,Bad,33.5,1.0
8807,1989-06-28,Bad,33.5,1.0
8808,1989-06-28,Bad,33.5,1.0
8809,1992-10-21,Bad,30.1,1.0
8810,1992-10-21,Bad,30.1,1.0
8811,1992-10-21,Bad,30.1,1.0
8812,1992-10-21,Bad,30.1,1.0
8813,1992-10-21,Bad,30.1,1.0
8814,1992-10-21,Bad,30.1,1.0
8815,1992-10-21,Bad,30.1,1.0
8816,1992-10-21,Bad,30.1,1.0
8817,1992-10-21,Bad,30.1,1.0
8818,1992-10-21,Bad,30.1,1.0
8819,1992-10-21,Bad,30.1,1.0
8820,1992-10-21,Bad,30.1,1.0
8821,1992-10-21,Bad,30.1,1.0
8871,1988-11-10,Bad,34.1,1.0
8872,1988-11-10,Bad,34.1,1.0
8873,1988-11-10,Bad,34.1,1.0
8874,1988-11-10,Bad,34.1,1.0
8875,1988-11-10,Bad,34.1,1.0
8910,1977-04-04,Bad,45.7,1.0
8911,1977-04-04,Bad,45.7,1.0
8912,1977-04-04,Bad,45.7,1.0
8927,1968-03-11,Bad,54.8,1.0
8970,1992-05-15,Bad,30.6,1.0
8971,1992-05-15,Bad,30.6,1.0
8972,1992-05-15,Bad,30.6,1.0
8987,1975-08-10,Bad,47.3,1.0
8988,1975-08-10,Bad,47.3,1.0
8989,1975-08-10,Bad,47.3,1.0
8990,1975-08-10,Bad,47.3,1.0
8991,1975-08-10,Bad,47.3,1.0
8992,1975-08-10,Bad,47.3,1.0
8993,1975-08-10,Bad,47.3,1.0
8994,1981-12-06,Bad,41.0,1.0
8995,1981-12-06,Bad,41.0,1.0
8996,1981-12-06,Bad,41.0,1.0
8997,1984-02-25,Bad,38.8,1.0
8998,1984-02-25,Bad,38.8,1.0
8999,1984-02-25,Bad,38.8,1.0
9000,1984-02-25,Bad,38.8,1.0
9001,1984-02-25,Bad,38.8,1.0
9002,1984-02-25,Bad,38.8,1.0
9003,1984-02-25,Bad,38.8,1.0
9004,1984-02-25,Bad,38.8,1.0
9005,1984-02-25,Bad,38.8,1.0
9006,1984-02-25,Bad,38.8,1.0
9007,1984-02-25,Bad,38.8,1.0
9041,1986-03-30,Bad,36.7,1.0
9042,1986-03-30,Bad,36.7,1.0
9043,1986-03-30,Bad,36.7,1.0
9044,1986-03-30,Bad,36.7,1.0
9045,1986-03-30,Bad,36.7,1.0
9046,1986-03-30,Bad,36.7,1.0
9047,1986-03-30,Bad,36.7,1.0
9048,1986-03-30,Bad,36.7,1.0
9049,1986-03-30,Bad,36.7,1.0
9072,1979-02-25,Bad,43.8,1.0
9073,1979-02-25,Bad,43.8,1.0
9074,1979-02-25,Bad,43.8,1.0
9075,1979-02-25,Bad,43.8,1.0
9094,1991-12-06,Bad,31.0,1.0
9095,1991-12-06,Bad,31.0,1.0
9096,1991-12-06,Bad,31.0,1.0
9097,1991-12-06,Bad,31.0,1.0
9098,1991-12-06,Bad,31.0,1.0
9099,1991-12-06,Bad,31.0,1.0
9100,1991-12-06,Bad,31.0,1.0
9101,1991-12-06,Bad,31.0,1.0
9102,1991-12-06,Bad,31.0,1.0
9103,1991-12-06,Bad,31.0,1.0
9104,1991-12-06,Bad,31.0,1.0
9153,1987-06-13,Bad,35.5,1.0
9154,1987-06-13,Bad,35.5,1.0
9155,1987-06-13,Bad,35.5,1.0
9156,1987-06-13,Bad,35.5,1.0
9157,1987-06-13,Bad,35.5,1.0
9158,1987-06-13,Bad,35.5,1.0
9193,1989-07-03,Bad,33.4,1.0
9194,1989-07-03,Bad,33.4,1.0
9195,1989-07-03,Bad,33.4,1.0
9196,1989-07-03,Bad,33.4,1.0
9197,1989-09-06,Bad,33.3,1.0
9254,1978-12-03,Bad,44.0,1.0
9293,1990-05-17,Bad,32.6,1.0
9294,1990-05-17,Bad,32.6,1.0
9295,1990-05-17,Bad,32.6,1.0
9296,1995-03-10,Bad,27.8,1.0
9297,1995-03-10,Bad,27.8,1.0
9298,1995-03-10,Bad,27.8,1.0
9299,1968-04-04,Bad,54.7,1.0
9300,1968-04-04,Bad,54.7,1.0
9301,1968-04-04,Bad,54.7,1.0
9338,1984-06-08,Bad,38.5,1.0
9339,1984-06-08,Bad,38.5,1.0
9340,1984-06-08,Bad,38.5,1.0
9341,1984-06-08,Bad,38.5,1.0
9342,1984-06-08,Bad,38.5,1.0
9343,1984-06-08,Bad,38.5,1.0
9344,1984-06-08,Bad,38.5,1.0
9345,1984-06-08,Bad,38.5,1.0
9346,1984-06-08,Bad,38.5,1.0
9347,1984-06-08,Bad,38.5,1.0
9348,1984-06-08,Bad,38.5,1.0
9388,1990-06-25,Bad,32.5,1.0
9389,1990-06-25,Bad,32.5,1.0
9390,1990-06-25,Bad,32.5,1.0
9391,1990-06-25,Bad,32.5,1.0
9392,1990-06-25,Bad,32.5,1.0
9393,1990-06-25,Bad,32.5,1.0
9394,1990-06-25,Bad,32.5,1.0
9395,1990-06-25,Bad,32.5,1.0
9396,1990-06-25,Bad,32.5,1.0
9397,1990-06-25,Bad,32.5,1.0
9398,1990-06-25,Bad,32.5,1.0
9399,1990-06-25,Bad,32.5,1.0
9410,1984-02-13,Bad,38.8,1.0
9411,1984-02-13,Bad,38.8,1.0
9415,1984-03-04,Bad,38.8,1.0
9416,1984-03-04,Bad,38.8,1.0
9417,1984-03-04,Bad,38.8,1.0
9471,1984-04-25,Bad,38.6,1.0
9472,1985-07-01,Bad,37.4,1.0
9473,1981-09-10,Bad,41.3,1.0
9474,1981-09-10,Bad,41.3,1.0
9475,1981-09-10,Bad,41.3,1.0
9476,1981-09-10,Bad,41.3,1.0
9477,1981-09-10,Bad,41.3,1.0
9478,1981-09-10,Bad,41.3,1.0
9479,1981-09-10,Bad,41.3,1.0
9480,1991-01-24,Bad,31.9,1.0
9481,1991-01-24,Bad,31.9,1.0
9510,1974-09-16,Bad,48.2,1.0
9511,1974-09-16,Bad,48.2,1.0
9512,1974-09-16,Bad,48.2,1.0
9513,1974-09-16,Bad,48.2,1.0
9514,1974-09-16,Bad,48.2,1.0
9515,1974-09-16,Bad,48.2,1.0
9560,1992-11-13,Bad,30.1,1.0
9561,1992-11-13,Bad,30.1,1.0
9562,1992-11-13,Bad,30.1,1.0
9563,1992-11-13,Bad,30.1,1.0
9573,1993-07-04,Bad,29.4,1.0
9574,1993-07-04,Bad,29.4,1.0
9625,1989-03-28,Bad,33.7,1.0
9626,1989-03-28,Bad,33.7,1.0
9627,1989-03-28,Bad,33.7,1.0
9628,1989-03-28,Bad,33.7,1.0
9629,1989-03-28,Bad,33.7,1.0
9641,1978-11-05,Bad,44.1,1.0
9642,1978-11-05,Bad,44.1,1.0
9643,1978-11-05,Bad,44.1,1.0
9644,1978-11-05,Bad,44.1,1.0
9645,1978-11-05,Bad,44.1,1.0
9646,1978-11-05,Bad,44.1,1.0
9647,1978-11-05,Bad,44.1,1.0
9648,1978-12-03,Bad,44.0,1.0
9649,1978-12-03,Bad,44.0,1.0
9706,1990-03-11,Bad,32.8,1.0
9719,1995-09-17,Bad,27.2,1.0
9720,1995-09-17,Bad,27.2,1.0
9721,1995-09-17,Bad,27.2,1.0
9722,1995-09-17,Bad,27.2,1.0
9723,1995-09-17,Bad,27.2,1.0
9724,1995-09-17,Bad,27.2,1.0
9725,1995-09-17,Bad,27.2,1.0
9726,1993-04-14,Bad,29.7,1.0
9727,1993-04-14,Bad,29.7,1.0
9728,1993-04-14,Bad,29.7,1.0
9729,1993-04-14,Bad,29.7,1.0
9730,1993-04-14,Bad,29.7,1.0
9731,1992-11-26,Bad,30.0,1.0
9732,1992-09-17,Bad,30.2,1.0
9733,1992-09-17,Bad,30.2,1.0
9734,1992-09-17,Bad,30.2,1.0
9735,1992-09-17,Bad,30.2,1.0
9736,1986-04-07,Bad,36.7,1.0
9737,1986-04-07,Bad,36.7,1.0
9738,1986-04-07,Bad,36.7,1.0
9739,1986-04-07,Bad,36.7,1.0
9740,1986-04-07,Bad,36.7,1.0
9778,1974-07-02,Bad,48.4,1.0
9779,1974-07-02,Bad,48.4,1.0
9780,1974-07-02,Bad,48.4,1.0
9781,1974-07-02,Bad,48.4,1.0
9782,1974-07-02,Bad,48.4,1.0
9783,1974-07-02,Bad,48.4,1.0
9784,1974-07-02,Bad,48.4,1.0
9785,1974-07-02,Bad,48.4,1.0
9786,1974-07-02,Bad,48.4,1.0
9787,1974-07-02,Bad,48.4,1.0
9788,1974-07-02,Bad,48.4,1.0
9789,1974-07-02,Bad,48.4,1.0
9886,1984-04-23,Bad,38.6,1.0
9887,1984-04-23,Bad,38.6,1.0
9888,1984-04-23,Bad,38.6,1.0
9902,1990-04-16,Bad,32.7,1.0
9924,1985-10-24,Bad,37.1,1.0
9925,1985-10-24,Bad,37.1,1.0
9926,1985-10-24,Bad,37.1,1.0
9927,1985-10-24,Bad,37.1,1.0
9941,1977-12-09,Bad,45.0,1.0
9942,1977-12-09,Bad,45.0,1.0
9943,1977-12-09,Bad,45.0,1.0
9963,1982-03-21,Bad,40.7,1.0
9987,1993-04-17,Bad,29.7,1.0
9988,1985-05-24,Bad,37.6,1.0
9989,1985-05-24,Bad,37.6,1.0
9990,1985-05-24,Bad,37.6,1.0
9991,1985-05-24,Bad,37.6,1.0
9992,1985-05-24,Bad,37.6,1.0
9993,1985-05-24,Bad,37.6,1.0
9994,1985-05-24,Bad,37.6,1.0
9995,1992-01-17,Bad,30.9,1.0
9996,1992-01-17,Bad,30.9,1.0
9997,1992-01-17,Bad,30.9,1.0
9998,1992-01-17,Bad,30.9,1.0
9999,1992-01-17,Bad,30.9,1.0
10000,1992-01-17,Bad,30.9,1.0
10001,1992-01-17,Bad,30.9,1.0
10002,1992-01-17,Bad,30.9,1.0
10070,1983-09-24,Bad,39.2,1.0
10071,1983-09-24,Bad,39.2,1.0
10072,1983-09-24,Bad,39.2,1.0
10080,1993-12-18,Bad,29.0,1.0
10081,1993-12-18,Bad,29.0,1.0
10082,1993-12-18,Bad,29.0,1.0
10083,1993-12-18,Bad,29.0,1.0
10084,1993-12-18,Bad,29.0,1.0
10085,1993-12-18,Bad,29.0,1.0
10086,1993-12-18,Bad,29.0,1.0
10087,1993-12-18,Bad,29.0,1.0
10088,1993-12-18,Bad,29.0,1.0
10139,1974-04-11,Bad,48.7,1.0
10140,1992-08-08,Bad,30.3,1.0
10141,1992-08-08,Bad,30.3,1.0
10142,1992-08-08,Bad,30.3,1.0
10143,1992-08-08,Bad,30.3,1.0
10144,1992-08-08,Bad,30.3,1.0
10145,1992-08-08,Bad,30.3,1.0
10146,1992-08-08,Bad,30.3,1.0
10147,1992-08-08,Bad,30.3,1.0
10148,1984-09-10,Bad,38.3,1.0
10149,1984-09-10,Bad,38.3,1.0
10157,1980-02-13,Bad,42.8,1.0
10158,1980-02-13,Bad,42.8,1.0
10159,1980-02-13,Bad,42.8,1.0
10193,1986-09-16,Bad,36.2,1.0
10194,1986-09-16,Bad,36.2,1.0
10195,1980-04-28,Bad,42.6,1.0
10196,1980-04-28,Bad,42.6,1.0
10209,1986-06-04,Bad,36.5,1.0
10210,1986-06-04,Bad,36.5,1.0
10211,1986-06-04,Bad,36.5,1.0
10212,1986-06-04,Bad,36.5,1.0
10213,1986-06-04,Bad,36.5,1.0
10214,1986-06-04,Bad,36.5,1.0
10215,1986-06-04,Bad,36.5,1.0
10251,1976-03-16,Bad,46.7,1.0
10252,1976-03-16,Bad,46.7,1.0
10275,1990-09-15,Bad,32.2,1.0
10276,1990-09-15,Bad,32.2,1.0
10277,1990-09-15,Bad,32.2,1.0
10278,1990-09-15,Bad,32.2,1.0
10279,1990-09-15,Bad,32.2,1.0
10311,1981-06-22,Bad,41.5,1.0
10312,1981-06-22,Bad,41.5,1.0
10313,1981-06-22,Bad,41.5,1.0
10314,1977-10-10,Bad,45.2,1.0
10315,1977-10-10,Bad,45.2,1.0
10316,1993-05-24,Bad,29.6,1.0
10317,1993-05-24,Bad,29.6,1.0
10318,1993-05-24,Bad,29.6,1.0
10319,1993-05-24,Bad,29.6,1.0
10320,1993-05-24,Bad,29.6,1.0
10321,1993-05-24,Bad,29.6,1.0
10322,1993-05-24,Bad,29.6,1.0
10323,1989-09-03,Bad,33.3,1.0
10324,1989-09-03,Bad,33.3,1.0
10325,1989-09-03,Bad,33.3,1.0
10326,1989-09-03,Bad,33.3,1.0
10327,1989-09-03,Bad,33.3,1.0
10328,1989-09-03,Bad,33.3,1.0
10329,1989-09-03,Bad,33.3,1.0
10351,1980-07-27,Bad,42.4,1.0
10358,1987-09-15,Bad,35.2,1.0
10405,1984-03-21,Bad,38.7,1.0
10406,1984-03-21,Bad,38.7,1.0
10483,1976-07-26,Bad,46.4,1.0
10486,1987-08-04,Bad,35.4,1.0
10488,1988-02-28,Bad,34.8,1.0
10489,1988-02-28,Bad,34.8,1.0
10490,1988-02-28,Bad,34.8,1.0
10491,1981-04-18,Bad,41.7,1.0
10492,1981-04-18,Bad,41.7,1.0
10493,1981-04-18,Bad,41.7,1.0
10494,1981-04-18,Bad,41.7,1.0
10495,1981-04-18,Bad,41.7,1.0
10496,1981-04-18,Bad,41.7,1.0
10497,1981-04-18,Bad,41.7,1.0
10505,1975-08-29,Bad,47.3,1.0
10531,1986-01-14,Bad,36.9,1.0
10532,1986-01-14,Bad,36.9,1.0
10533,1986-01-14,Bad,36.9,1.0
10558,1980-10-06,Bad,42.2,1.0
10559,1980-10-06,Bad,42.2,1.0
10560,1980-10-06,Bad,42.2,1.0
10561,1980-10-06,Bad,42.2,1.0
10562,1980-10-06,Bad,42.2,1.0
10569,1986-09-04,Bad,36.3,1.0
10570,1986-09-04,Bad,36.3,1.0
10571,1991-10-05,Bad,31.2,1.0
10572,1991-10-05,Bad,31.2,1.0
10573,1991-10-05,Bad,31.2,1.0
10574,1991-10-05,Bad,31.2,1.0
10575,1991-10-05,Bad,31.2,1.0
10582,1984-04-05,Bad,38.7,1.0
10583,1984-04-05,Bad,38.7,1.0
10584,1984-04-05,Bad,38.7,1.0
10585,1984-04-05,Bad,38.7,1.0
10586,1984-04-05,Bad,38.7,1.0
10587,1984-04-05,Bad,38.7,1.0
10588,1984-04-05,Bad,38.7,1.0
10589,1984-04-05,Bad,38.7,1.0
10590,1984-04-05,Bad,38.7,1.0
10591,1984-04-05,Bad,38.7,1.0
10592,1984-04-05,Bad,38.7,1.0
10593,1984-04-05,Bad,38.7,1.0
10629,1977-04-18,Bad,45.7,1.0
10630,1977-04-18,Bad,45.7,1.0
10631,1977-04-18,Bad,45.7,1.0
10632,1977-04-18,Bad,45.7,1.0
10633,1977-04-18,Bad,45.7,1.0
10649,1965-04-25,Bad,57.6,1.0
10652,1980-08-12,Bad,42.3,1.0
10653,1992-12-20,Bad,30.0,1.0
10655,1989-03-07,Bad,33.8,1.0
10656,1989-03-07,Bad,33.8,1.0
10657,1989-03-07,Bad,33.8,1.0
10658,1989-03-07,Bad,33.8,1.0
10659,1989-03-07,Bad,33.8,1.0
10660,1989-03-07,Bad,33.8,1.0
10697,1987-12-14,Bad,35.0,1.0
10698,1987-12-14,Bad,35.0,1.0
10699,1987-12-14,Bad,35.0,1.0
10700,1987-12-14,Bad,35.0,1.0
10701,1987-12-14,Bad,35.0,1.0
10730,1981-05-13,Bad,41.6,1.0
10731,1981-05-13,Bad,41.6,1.0
10732,1981-05-13,Bad,41.6,1.0
10733,1981-05-13,Bad,41.6,1.0
10734,1981-05-13,Bad,41.6,1.0
10735,1981-05-13,Bad,41.6,1.0
10736,1981-05-13,Bad,41.6,1.0
10737,1981-05-13,Bad,41.6,1.0
10738,1981-05-13,Bad,41.6,1.0
10739,1981-05-13,Bad,41.6,1.0
10753,1987-06-28,Bad,35.5,1.0
10754,1987-06-28,Bad,35.5,1.0
10755,1987-06-28,Bad,35.5,1.0
10756,1987-06-28,Bad,35.5,1.0
10757,1987-06-28,Bad,35.5,1.0
10758,1987-06-28,Bad,35.5,1.0
10759,1987-06-28,Bad,35.5,1.0
10760,1987-06-28,Bad,35.5,1.0
10761,1987-06-28,Bad,35.5,1.0
10762,1987-06-28,Bad,35.5,1.0
10763,1987-06-28,Bad,35.5,1.0
10764,1987-06-28,Bad,35.5,1.0
10765,1987-06-28,Bad,35.5,1.0
10766,1985-04-30,Bad,37.6,1.0
10768,1974-07-28,Bad,48.4,1.0
10769,1979-11-24,Bad,43.0,1.0
10771,1982-06-13,Bad,40.5,1.0
10772,1982-06-13,Bad,40.5,1.0
10773,1970-03-24,Bad,52.7,1.0
10787,1990-02-09,Bad,32.8,1.0
10788,1990-02-09,Bad,32.8,1.0
10789,1990-02-09,Bad,32.8,1.0
10790,1990-02-09,Bad,32.8,1.0
10791,1990-02-09,Bad,32.8,1.0
10792,1990-02-09,Bad,32.8,1.0
10793,1990-02-09,Bad,32.8,1.0
10794,1990-06-09,Bad,32.5,1.0
10795,1990-06-09,Bad,32.5,1.0
10796,1990-06-09,Bad,32.5,1.0
10797,1989-03-10,Bad,33.8,1.0
10798,1989-03-10,Bad,33.8,1.0
10799,1989-03-10,Bad,33.8,1.0
10800,1989-03-10,Bad,33.8,1.0
10801,1989-03-10,Bad,33.8,1.0
10812,1983-05-05,Bad,39.6,1.0
10813,1983-05-05,Bad,39.6,1.0
10814,1983-05-05,Bad,39.6,1.0
10815,1983-05-05,Bad,39.6,1.0
10816,1983-05-05,Bad,39.6,1.0
10817,1983-05-05,Bad,39.6,1.0
10931,1987-05-18,Bad,35.6,1.0
10955,1993-11-23,Bad,29.1,1.0
10956,1993-11-23,Bad,29.1,1.0
10957,1993-11-23,Bad,29.1,1.0
10958,1993-11-23,Bad,29.1,1.0
10959,1993-11-23,Bad,29.1,1.0
10960,1993-11-23,Bad,29.1,1.0
11010,1969-08-17,Bad,53.3,1.0
11011,1991-03-26,Bad,31.7,1.0
11012,1991-03-26,Bad,31.7,1.0
11013,1991-03-26,Bad,31.7,1.0
11014,1991-03-26,Bad,31.7,1.0
11015,1991-03-26,Bad,31.7,1.0
11016,1991-03-26,Bad,31.7,1.0
11017,1991-03-26,Bad,31.7,1.0
11018,1991-03-26,Bad,31.7,1.0
11019,1991-03-26,Bad,31.7,1.0
11020,1993-07-07,Bad,29.4,1.0
11028,1975-07-04,Bad,47.4,1.0
11054,1990-06-19,Bad,32.5,1.0
11055,1990-06-19,Bad,32.5,1.0
11057,1989-07-09,Bad,33.4,1.0
11058,1985-12-11,Bad,37.0,1.0
11062,1989-04-29,Bad,33.6,1.0
11063,1989-04-29,Bad,33.6,1.0
11087,1983-12-31,Bad,38.9,1.0
11091,1976-05-05,Bad,46.6,1.0
11099,1985-09-29,Bad,37.2,1.0
11100,1985-09-29,Bad,37.2,1.0
11102,1981-02-19,Bad,41.8,1.0
11110,1985-05-04,Bad,37.6,1.0
11111,1984-03-16,Bad,38.7,1.0
11122,1986-01-21,Bad,36.9,1.0
11123,1980-12-02,Bad,42.0,1.0
11124,1980-12-02,Bad,42.0,1.0
11128,1990-10-26,Bad,32.1,1.0
11129,1990-10-26,Bad,32.1,1.0
11132,1982-12-14,Bad,40.0,1.0
11133,1982-12-14,Bad,40.0,1.0
11138,1985-05-05,Bad,37.6,1.0
11139,1991-06-30,Bad,31.5,1.0
11140,1991-06-30,Bad,31.5,1.0
11153,1985-11-16,Bad,37.1,1.0
11156,1981-06-28,Bad,41.5,1.0
11157,1981-06-28,Bad,41.5,1.0
11158,1983-12-09,Bad,39.0,1.0
11160,1991-03-09,Bad,31.8,1.0
11161,1994-07-28,Bad,28.4,1.0
11162,1982-03-16,Bad,40.7,1.0
11163,1982-03-16,Bad,40.7,1.0
11164,1981-08-21,Bad,41.3,1.0
11166,1989-11-05,Bad,33.1,1.0
11167,1989-11-05,Bad,33.1,1.0
11172,1989-08-15,Bad,33.3,1.0
11182,1990-08-26,Bad,32.3,1.0
11186,1981-07-29,Bad,41.4,1.0
11215,1990-05-28,Bad,32.5,1.0
11216,1990-05-28,Bad,32.5,1.0
11217,1990-05-28,Bad,32.5,1.0
11218,1990-05-28,Bad,32.5,1.0
11220,1989-08-03,Bad,33.4,1.0
11221,1989-08-03,Bad,33.4,1.0
11222,1979-01-20,Bad,43.9,1.0
11223,1979-01-20,Bad,43.9,1.0
11224,1979-01-20,Bad,43.9,1.0
11229,1994-12-11,Bad,28.0,1.0
11232,1990-10-16,Bad,32.2,1.0
11233,1990-10-16,Bad,32.2,1.0
11234,1990-10-16,Bad,32.2,1.0
11235,1983-08-01,Bad,39.4,1.0
11236,1983-08-01,Bad,39.4,1.0
11245,1972-03-30,Bad,50.7,1.0
11246,1972-03-30,Bad,50.7,1.0
11247,1972-03-30,Bad,50.7,1.0
11248,1972-03-30,Bad,50.7,1.0
11249,1972-03-30,Bad,50.7,1.0
11250,1972-03-30,Bad,50.7,1.0
11356,1992-03-14,Bad,30.7,1.0
11357,1992-03-14,Bad,30.7,1.0
11358,1992-03-14,Bad,30.7,1.0
11363,1993-11-17,Bad,29.1,1.0
11364,1993-11-17,Bad,29.1,1.0
11365,1993-11-17,Bad,29.1,1.0
11366,1993-11-17,Bad,29.1,1.0
11367,1993-11-17,Bad,29.1,1.0
11401,1992-06-06,Bad,30.5,1.0
11402,1984-07-26,Bad,38.4,1.0
11403,1984-07-26,Bad,38.4,1.0
11405,1980-03-23,Bad,42.7,1.0
11470,1992-04-19,Bad,30.6,1.0
11471,1992-04-19,Bad,30.6,1.0
11472,1992-04-19,Bad,30.6,1.0
11473,1992-04-19,Bad,30.6,1.0
11474,1992-04-19,Bad,30.6,1.0
11521,1992-03-13,Bad,30.7,1.0
11522,1992-03-13,Bad,30.7,1.0
11523,1992-03-13,Bad,30.7,1.0
11524,1992-03-13,Bad,30.7,1.0
11525,1992-03-13,Bad,30.7,1.0
11564,1992-05-07,Bad,30.6,1.0
11565,1991-09-26,Bad,31.2,1.0
11575,1994-09-20,Bad,28.2,1.0
11585,1989-12-29,Bad,33.0,1.0
11589,1988-01-06,Bad,34.9,1.0
11597,1992-07-16,Bad,30.4,1.0
11682,1989-06-26,Bad,33.5,1.0
11741,1977-12-03,Bad,45.0,1.0
11742,1984-02-26,Bad,38.8,1.0
11755,1994-10-15,Bad,28.2,1.0
11768,1982-03-05,Bad,40.8,1.0
11782,1982-01-23,Bad,40.9,1.0
11784,1988-12-10,Bad,34.0,1.0
11794,1991-10-21,Bad,31.1,1.0
11795,1991-10-21,Bad,31.1,1.0
11796,1991-10-21,Bad,31.1,1.0
11797,1991-10-21,Bad,31.1,1.0
11798,1991-10-21,Bad,31.1,1.0
11799,1991-10-21,Bad,31.1,1.0
11800,1991-10-21,Bad,31.1,1.0
11801,1991-10-21,Bad,31.1,1.0
11802,1991-10-21,Bad,31.1,1.0
11803,1991-10-21,Bad,31.1,1.0
11804,1991-10-21,Bad,31.1,1.0
11805,1991-10-21,Bad,31.1,1.0
11806,1991-10-21,Bad,31.1,1.0
11807,1991-10-21,Bad,31.1,1.0
11808,1991-10-21,Bad,31.1,1.0
11809,1991-10-21,Bad,31.1,1.0
11810,1991-10-21,Bad,31.1,1.0
11811,1991-10-21,Bad,31.1,1.0
11812,1991-10-21,Bad,31.1,1.0
11813,1991-10-21,Bad,31.1,1.0
11814,1991-10-21,Bad,31.1,1.0
11816,1977-04-30,Bad,45.6,1.0
11817,1977-04-30,Bad,45.6,1.0
11818,1977-04-30,Bad,45.6,1.0
11819,1977-04-30,Bad,45.6,1.0
11820,1977-04-30,Bad,45.6,1.0
11821,1977-04-30,Bad,45.6,1.0
11822,1977-04-30,Bad,45.6,1.0
11823,1977-04-30,Bad,45.6,1.0
11824,1985-03-01,Bad,37.8,1.0
11825,1985-03-01,Bad,37.8,1.0
11826,1985-03-01,Bad,37.8,1.0
11827,1985-03-01,Bad,37.8,1.0
11828,1985-03-01,Bad,37.8,1.0
11829,1985-03-01,Bad,37.8,1.0
11830,1985-03-01,Bad,37.8,1.0
11831,1985-03-01,Bad,37.8,1.0
11832,1985-03-01,Bad,37.8,1.0
11833,1985-03-01,Bad,37.8,1.0
11834,1985-03-01,Bad,37.8,1.0
11835,1985-03-01,Bad,37.8,1.0
11836,1987-08-21,Bad,35.3,1.0
11837,1987-08-21,Bad,35.3,1.0
11838,1987-08-21,Bad,35.3,1.0
11839,1987-08-21,Bad,35.3,1.0
11840,1988-03-22,Bad,34.7,1.0
11841,1988-03-22,Bad,34.7,1.0
11842,1981-11-22,Bad,41.1,1.0
11843,1981-11-22,Bad,41.1,1.0
11844,1981-11-22,Bad,41.1,1.0
11845,1981-11-22,Bad,41.1,1.0
11855,1987-07-06,Bad,35.4,1.0
11856,1987-07-06,Bad,35.4,1.0
11885,1989-09-23,Bad,33.2,1.0
11888,1974-03-22,Bad,48.7,1.0
11889,1974-03-22,Bad,48.7,1.0
11890,1974-03-22,Bad,48.7,1.0
11891,1974-03-22,Bad,48.7,1.0
11892,1974-03-22,Bad,48.7,1.0
11907,1992-12-10,Bad,30.0,1.0
11908,1992-12-10,Bad,30.0,1.0
11910,1992-03-19,Bad,30.7,1.0
11916,1986-06-15,Bad,36.5,1.0
11917,1970-11-07,Bad,52.1,1.0
11918,1970-11-07,Bad,52.1,1.0
11919,1984-04-21,Bad,38.6,1.0
11920,1984-04-21,Bad,38.6,1.0
11921,1984-04-21,Bad,38.6,1.0
11922,1985-12-03,Bad,37.0,1.0
11928,1991-03-21,Bad,31.7,1.0
11930,1988-03-19,Bad,34.7,1.0
11949,1988-05-27,Bad,34.5,1.0
11950,1988-05-27,Bad,34.5,1.0
11951,1988-05-27,Bad,34.5,1.0
11952,1988-05-27,Bad,34.5,1.0
11953,1988-05-27,Bad,34.5,1.0
11954,1988-05-27,Bad,34.5,1.0
11999,1992-03-15,Bad,30.7,1.0
12000,1992-03-15,Bad,30.7,1.0
12001,1992-03-15,Bad,30.7,1.0
12002,1992-03-15,Bad,30.7,1.0
12003,1992-03-15,Bad,30.7,1.0
12004,1989-07-31,Bad,33.4,1.0
12005,1989-07-31,Bad,33.4,1.0
12006,1989-07-31,Bad,33.4,1.0
12007,1989-07-31,Bad,33.4,1.0
12008,1989-07-31,Bad,33.4,1.0
12009,1989-07-31,Bad,33.4,1.0
12010,1989-07-31,Bad,33.4,1.0
12011,1989-07-31,Bad,33.4,1.0
12012,1989-08-19,Bad,33.3,1.0
12013,1989-08-19,Bad,33.3,1.0
12014,1989-08-19,Bad,33.3,1.0
12067,1987-08-15,Bad,35.3,1.0
12068,1964-12-24,Bad,58.0,1.0
12077,1981-12-16,Bad,41.0,1.0
12081,1984-11-11,Bad,38.1,1.0
12095,1987-11-28,Bad,35.0,1.0
12096,1987-11-28,Bad,35.0,1.0
12097,1987-11-28,Bad,35.0,1.0
12098,1987-11-28,Bad,35.0,1.0
12099,1987-11-28,Bad,35.0,1.0
12174,1992-03-07,Bad,30.8,1.0
12175,1992-03-07,Bad,30.8,1.0
12176,1992-03-07,Bad,30.8,1.0
12177,1992-03-07,Bad,30.8,1.0
12178,1992-03-07,Bad,30.8,1.0
12179,1992-03-07,Bad,30.8,1.0
12180,1992-03-07,Bad,30.8,1.0
12181,1992-03-07,Bad,30.8,1.0
12182,1992-03-07,Bad,30.8,1.0
12183,1992-03-07,Bad,30.8,1.0
12184,1992-03-07,Bad,30.8,1.0
12185,1979-08-05,Bad,43.4,1.0
12212,1988-07-06,Bad,34.4,1.0
12241,1994-08-14,Bad,28.3,1.0
12242,1994-08-14,Bad,28.3,1.0
12243,1994-08-14,Bad,28.3,1.0
12244,1994-08-14,Bad,28.3,1.0
12245,1985-01-10,Bad,37.9,1.0
12246,1985-01-10,Bad,37.9,1.0
12247,1985-01-10,Bad,37.9,1.0
12248,1985-01-10,Bad,37.9,1.0
12249,1985-01-10,Bad,37.9,1.0
12250,1985-01-10,Bad,37.9,1.0
12251,1985-01-10,Bad,37.9,1.0
12252,1985-01-10,Bad,37.9,1.0
12253,1985-01-10,Bad,37.9,1.0
12254,1986-03-15,Bad,36.7,1.0
12255,1986-03-15,Bad,36.7,1.0
12256,1986-03-15,Bad,36.7,1.0
12257,1986-03-15,Bad,36.7,1.0
12258,1986-03-15,Bad,36.7,1.0
12259,1986-03-15,Bad,36.7,1.0
12260,1986-03-15,Bad,36.7,1.0
12261,1986-03-15,Bad,36.7,1.0
12262,1986-03-15,Bad,36.7,1.0
12263,1986-03-15,Bad,36.7,1.0
12264,1986-03-15,Bad,36.7,1.0
12270,1984-01-07,Bad,38.9,1.0
12271,1988-10-06,Bad,34.2,1.0
12272,1988-10-06,Bad,34.2,1.0
12278,1982-07-31,Bad,40.4,1.0
12279,1982-07-31,Bad,40.4,1.0
12280,1982-07-31,Bad,40.4,1.0
12281,1985-09-07,Bad,37.3,1.0
12285,1988-12-05,Bad,34.0,1.0
12393,1987-04-03,Bad,35.7,1.0
12394,1987-04-03,Bad,35.7,1.0
12395,1987-04-03,Bad,35.7,1.0
12396,1987-04-03,Bad,35.7,1.0
12397,1992-09-21,Bad,30.2,1.0
12398,1992-09-21,Bad,30.2,1.0
12399,1992-09-21,Bad,30.2,1.0
12420,1985-12-28,Bad,37.0,1.0
12421,1985-12-28,Bad,37.0,1.0
12422,1985-12-28,Bad,37.0,1.0
12423,1985-12-28,Bad,37.0,1.0
12424,1985-12-28,Bad,37.0,1.0
12425,1985-12-28,Bad,37.0,1.0
12426,1985-12-28,Bad,37.0,1.0
12427,1985-12-28,Bad,37.0,1.0
12432,1986-11-15,Bad,36.1,1.0
12433,1991-11-16,Bad,31.1,1.0
12439,1992-08-18,Bad,30.3,1.0
12443,1977-09-15,Bad,45.2,1.0
12444,1977-09-15,Bad,45.2,1.0
12482,1989-10-12,Bad,33.2,1.0
12483,1989-10-12,Bad,33.2,1.0
12484,1989-10-12,Bad,33.2,1.0
12485,1989-10-12,Bad,33.2,1.0
12486,1978-04-11,Bad,44.7,1.0
12487,1978-04-11,Bad,44.7,1.0
12488,1978-04-11,Bad,44.7,1.0
12489,1988-09-15,Bad,34.2,1.0
12490,1988-09-15,Bad,34.2,1.0
12491,1988-09-15,Bad,34.2,1.0
12492,1992-07-20,Bad,30.4,1.0
12493,1992-07-20,Bad,30.4,1.0
12494,1992-07-20,Bad,30.4,1.0
12495,1992-07-20,Bad,30.4,1.0
12496,1992-07-20,Bad,30.4,1.0
12497,1992-07-20,Bad,30.4,1.0
12498,1992-07-20,Bad,30.4,1.0
12499,1991-05-31,Bad,31.5,1.0
12500,1991-05-31,Bad,31.5,1.0
12501,1980-09-15,Bad,42.2,1.0
12502,1980-09-15,Bad,42.2,1.0
12503,1980-09-15,Bad,42.2,1.0
12504,1980-09-15,Bad,42.2,1.0
12505,1980-09-15,Bad,42.2,1.0
12506,1980-09-15,Bad,42.2,1.0
12507,1980-09-15,Bad,42.2,1.0
12508,1989-02-04,Bad,33.9,1.0
12509,1989-02-04,Bad,33.9,1.0
12510,1989-02-04,Bad,33.9,1.0
12511,1989-02-04,Bad,33.9,1.0
12512,1989-02-04,Bad,33.9,1.0
12513,1989-02-04,Bad,33.9,1.0
12571,1982-01-14,Bad,40.9,1.0
12572,1982-01-14,Bad,40.9,1.0
12717,1992-04-28,Bad,30.6,1.0
12718,1992-04-28,Bad,30.6,1.0
12719,1992-04-28,Bad,30.6,1.0
12720,1992-04-28,Bad,30.6,1.0
12721,1992-04-28,Bad,30.6,1.0
12722,1992-04-28,Bad,30.6,1.0
12723,1992-04-28,Bad,30.6,1.0
12768,1976-05-11,Bad,46.6,1.0
12769,1976-05-11,Bad,46.6,1.0
12783,1970-01-11,Bad,52.9,1.0
12784,1970-01-11,Bad,52.9,1.0
12785,1970-01-11,Bad,52.9,1.0
12804,1981-02-24,Bad,41.8,1.0
12805,1981-02-24,Bad,41.8,1.0
12842,1985-07-24,Bad,37.4,1.0
12870,1988-06-29,Bad,34.5,1.0
12871,1988-06-29,Bad,34.5,1.0
12872,1988-06-29,Bad,34.5,1.0
12873,1988-06-29,Bad,34.5,1.0
12874,1988-06-29,Bad,34.5,1.0
12875,1988-06-29,Bad,34.5,1.0
12876,1988-06-29,Bad,34.5,1.0
12889,1988-02-10,Bad,34.8,1.0
12890,1988-02-10,Bad,34.8,1.0
12891,1988-02-10,Bad,34.8,1.0
12892,1988-02-10,Bad,34.8,1.0
12893,1988-02-10,Bad,34.8,1.0
12894,1988-02-10,Bad,34.8,1.0
12895,1988-02-10,Bad,34.8,1.0
12896,1988-02-10,Bad,34.8,1.0
12897,1988-02-10,Bad,34.8,1.0
12911,1983-11-04,Bad,39.1,1.0
12919,1972-10-27,Bad,50.1,1.0
12920,1972-10-27,Bad,50.1,1.0
12930,1981-06-19,Bad,41.5,1.0
12931,1981-06-19,Bad,41.5,1.0
12932,1981-06-19,Bad,41.5,1.0
12933,1984-05-18,Bad,38.6,1.0
12934,1984-05-18,Bad,38.6,1.0
12935,1984-05-18,Bad,38.6,1.0
12936,1984-05-18,Bad,38.6,1.0
12937,1984-05-18,Bad,38.6,1.0
12938,1984-05-18,Bad,38.6,1.0
12939,1984-05-18,Bad,38.6,1.0
12940,1984-05-18,Bad,38.6,1.0
12941,1984-05-18,Bad,38.6,1.0
12942,1984-05-18,Bad,38.6,1.0
12943,1984-05-18,Bad,38.6,1.0
12944,1992-05-05,Bad,30.6,1.0
12998,1971-04-03,Bad,51.7,1.0
12999,1971-04-03,Bad,51.7,1.0
13018,1979-08-30,Bad,43.3,1.0
13019,1979-08-30,Bad,43.3,1.0
13020,1979-08-30,Bad,43.3,1.0
13021,1979-08-30,Bad,43.3,1.0
13022,1979-08-30,Bad,43.3,1.0
13023,1979-08-30,Bad,43.3,1.0
13024,1979-08-30,Bad,43.3,1.0
13025,1979-08-30,Bad,43.3,1.0
13026,1979-08-30,Bad,43.3,1.0
13034,1993-08-31,Bad,29.3,1.0
13035,1993-08-31,Bad,29.3,1.0
13036,1993-08-31,Bad,29.3,1.0
13037,1993-08-31,Bad,29.3,1.0
13083,1993-02-24,Bad,29.8,1.0
13084,1993-02-24,Bad,29.8,1.0
13085,1993-02-24,Bad,29.8,1.0
13086,1993-02-24,Bad,29.8,1.0
13087,1993-02-24,Bad,29.8,1.0
13088,1993-02-24,Bad,29.8,1.0
13089,1993-02-24,Bad,29.8,1.0
13090,1993-02-24,Bad,29.8,1.0
13091,1993-02-24,Bad,29.8,1.0
13092,1993-02-24,Bad,29.8,1.0
13093,1993-02-24,Bad,29.8,1.0
13113,1994-06-18,Bad,28.5,1.0
13125,1985-10-02,Bad,37.2,1.0
13126,1985-10-02,Bad,37.2,1.0
13127,1985-10-02,Bad,37.2,1.0
13128,1985-10-02,Bad,37.2,1.0
13129,1985-10-02,Bad,37.2,1.0
13130,1985-10-02,Bad,37.2,1.0
13131,1985-10-02,Bad,37.2,1.0
13132,1989-12-04,Bad,33.0,1.0
13133,1988-08-16,Bad,34.3,1.0
13134,1988-08-16,Bad,34.3,1.0
13135,1988-08-16,Bad,34.3,1.0
13136,1988-08-16,Bad,34.3,1.0
13137,1988-08-16,Bad,34.3,1.0
13138,1988-08-16,Bad,34.3,1.0
13139,1988-08-16,Bad,34.3,1.0
13140,1991-06-06,Bad,31.5,1.0
13141,1985-10-01,Bad,37.2,1.0
13142,1990-10-27,Bad,32.1,1.0
13143,1978-03-12,Bad,44.8,1.0
13144,1991-07-31,Bad,31.4,1.0
13145,1977-07-03,Bad,45.4,1.0
13146,1978-09-03,Bad,44.3,1.0
13154,1984-02-17,Bad,38.8,1.0
13155,1984-02-17,Bad,38.8,1.0
13163,1979-09-12,Bad,43.2,1.0
13173,1990-06-11,Bad,32.5,1.0
13179,1975-02-19,Bad,47.8,1.0
13180,1992-05-07,Bad,30.6,1.0
13195,1983-04-14,Bad,39.7,1.0
13199,1989-11-27,Bad,33.0,1.0
13203,1985-02-26,Bad,37.8,1.0
13204,1983-09-16,Bad,39.2,1.0
13205,1983-09-16,Bad,39.2,1.0
13213,1972-12-04,Bad,50.0,1.0
13221,1984-12-16,Bad,38.0,1.0
13229,1992-04-10,Bad,30.7,1.0
13230,1975-11-29,Bad,47.0,1.0
13232,1979-10-25,Bad,43.1,1.0
13245,1985-04-12,Bad,37.7,1.0
13246,1988-10-24,Bad,34.1,1.0
13247,1988-10-24,Bad,34.1,1.0
13248,1994-11-25,Bad,28.0,1.0
13249,1984-03-26,Bad,38.7,1.0
13254,1993-04-01,Bad,29.7,1.0
13270,1991-05-03,Bad,31.6,1.0
13274,1992-10-26,Bad,30.1,1.0
13275,1980-10-09,Bad,42.2,1.0
13278,1981-01-30,Bad,41.9,1.0
13279,1985-04-12,Bad,37.7,1.0
13285,1995-07-23,Bad,27.4,1.0
13286,1985-10-23,Bad,37.1,1.0
13292,1983-04-22,Bad,39.6,1.0
13298,1985-08-02,Bad,37.4,1.0
13299,1985-08-02,Bad,37.4,1.0
13313,1988-07-03,Bad,34.4,1.0
13315,1979-01-23,Bad,43.9,1.0
13320,1984-11-28,Bad,38.0,1.0
13337,1986-07-02,Bad,36.4,1.0
13338,1986-07-02,Bad,36.4,1.0
13340,1983-01-20,Bad,39.9,1.0
13341,1984-06-13,Bad,38.5,1.0
13342,1994-04-22,Bad,28.6,1.0
13344,1995-07-23,Bad,27.4,1.0
13347,1970-04-24,Bad,52.6,1.0
13352,1985-10-10,Bad,37.2,1.0
13353,1993-02-16,Bad,29.8,1.0
13366,1994-10-18,Bad,28.1,1.0
13369,1984-04-07,Bad,38.7,1.0
13370,1984-04-07,Bad,38.7,1.0
13379,1970-01-26,Bad,52.9,1.0
13382,1982-11-03,Bad,40.1,1.0
13384,1988-10-22,Bad,34.1,1.0
13386,1983-04-04,Bad,39.7,1.0
13389,1993-03-13,Bad,29.7,1.0
13391,1986-05-08,Bad,36.6,1.0
13392,1980-01-21,Bad,42.9,1.0
13393,1980-01-21,Bad,42.9,1.0
13394,1967-10-22,Bad,55.1,1.0
13395,1967-10-22,Bad,55.1,1.0
13397,1979-03-26,Bad,43.7,1.0
13406,1967-12-31,Bad,54.9,1.0
13407,1984-11-07,Bad,38.1,1.0
13413,1990-02-17,Bad,32.8,1.0
13427,1991-05-28,Bad,31.5,1.0
13428,1986-09-30,Bad,36.2,1.0
13432,1993-03-25,Bad,29.7,1.0
13433,1993-03-25,Bad,29.7,1.0
13434,1986-11-03,Bad,36.1,1.0
13440,1991-12-23,Bad,31.0,1.0
13447,1985-03-31,Bad,37.7,1.0
13449,1983-07-31,Bad,39.4,1.0
13450,1981-12-12,Bad,41.0,1.0
13451,1981-12-12,Bad,41.0,1.0
13456,1991-03-30,Bad,31.7,1.0
13459,1991-11-04,Bad,31.1,1.0
13460,1985-06-03,Bad,37.5,1.0
13461,1985-06-03,Bad,37.5,1.0
13468,1987-08-09,Bad,35.3,1.0
13470,1989-03-19,Bad,33.7,1.0
13472,1993-08-20,Bad,29.3,1.0
13484,1983-04-30,Bad,39.6,1.0
13489,1980-05-07,Bad,42.6,1.0
13499,1977-10-10,Bad,45.2,1.0
13502,1989-12-14,Bad,33.0,1.0
13507,1980-05-12,Bad,42.6,1.0
13508,1989-04-05,Bad,33.7,1.0
13509,1981-04-01,Bad,41.7,1.0
13512,1992-09-26,Bad,30.2,1.0
13514,1986-02-22,Bad,36.8,1.0
13515,1986-02-22,Bad,36.8,1.0
13523,1985-02-23,Bad,37.8,1.0
13524,1985-02-23,Bad,37.8,1.0
13528,1995-04-23,Bad,27.6,1.0
13530,1976-09-07,Bad,46.3,1.0
13531,1976-09-07,Bad,46.3,1.0
13541,1995-12-02,Bad,27.0,1.0
13544,1976-11-27,Bad,46.0,1.0
13568,1980-07-20,Bad,42.4,1.0
13571,1991-01-15,Bad,31.9,1.0
13578,1989-11-21,Bad,33.1,1.0
13579,1989-11-21,Bad,33.1,1.0
13584,1986-12-25,Bad,36.0,1.0
13594,1976-02-18,Bad,46.8,1.0
13595,1982-10-02,Bad,40.2,1.0
13603,1990-06-22,Bad,32.5,1.0
13604,1990-06-22,Bad,32.5,1.0
13605,1986-03-03,Bad,36.8,1.0
13618,1987-05-28,Bad,35.5,1.0
13619,1987-05-28,Bad,35.5,1.0
13622,1993-12-06,Bad,29.0,1.0
13623,1989-10-01,Bad,33.2,1.0
13626,1988-10-13,Bad,34.2,1.0
13633,1990-11-15,Bad,32.1,1.0
13634,1990-11-15,Bad,32.1,1.0
13636,1994-12-01,Bad,28.0,1.0
13637,1989-04-10,Bad,33.7,1.0
13638,1989-04-10,Bad,33.7,1.0
13646,1986-08-04,Bad,36.4,1.0
13649,1976-09-27,Bad,46.2,1.0
13650,1992-07-13,Bad,30.4,1.0
13656,1983-01-15,Bad,39.9,1.0
13660,1979-03-22,Bad,43.7,1.0
13661,1990-09-03,Bad,32.3,1.0
